*,Platts Katy FDt Com
Date,Close
2021-01-01,2.325
2021-01-02,2.325
2021-01-03,2.325
2021-01-04,2.325
2021-01-05,2.5
2021-01-06,2.62
2021-01-07,2.675
2021-01-08,2.73
2021-01-09,2.68
2021-01-10,2.68
2021-01-11,2.68
2021-01-12,2.645
2021-01-13,2.815
2021-01-14,2.725
2021-01-15,2.7
2021-01-16,2.69
2021-01-17,2.69
2021-01-18,2.69
2021-01-19,2.69
2021-01-20,2.585
2021-01-21,2.43
2021-01-22,2.445
2021-01-23,2.4
2021-01-24,2.4
2021-01-25,2.4
2021-01-26,2.54
2021-01-27,2.625
2021-01-28,2.695
2021-01-29,2.58
2021-01-30,2.58
2021-01-31,2.58
2021-02-01,2.69
2021-02-02,2.755
2021-02-03,2.995
2021-02-04,2.8
2021-02-05,2.865
2021-02-06,3.215
2021-02-07,3.215
2021-02-08,3.215
2021-02-09,3.18
2021-02-10,3.24
2021-02-11,4.36
2021-02-12,10.81
2021-02-13,149.045
2021-02-14,149.045
2021-02-15,149.045
2021-02-16,149.045
2021-02-17,359.14
2021-02-18,244.5
2021-02-19,64.32
2021-02-20,4.68
2021-02-21,4.68
2021-02-22,4.68
2021-02-23,2.565
2021-02-24,2.665
2021-02-25,2.645
2021-02-26,2.48
2021-02-27,2.48
2021-02-28,2.48
2021-03-01,2.51
2021-03-02,2.58
2021-03-03,2.76
2021-03-04,2.725
2021-03-05,2.605
2021-03-06,2.52
2021-03-07,2.52
2021-03-08,2.52
2021-03-09,2.42
2021-03-10,2.42
2021-03-11,2.465
2021-03-12,2.43
2021-03-13,2.425
2021-03-14,2.425
2021-03-15,2.425
2021-03-16,2.37
2021-03-17,2.37
2021-03-18,2.4
2021-03-19,2.325
2021-03-20,2.305
2021-03-21,2.305
2021-03-22,2.305
2021-03-23,2.39
2021-03-24,2.385
2021-03-25,2.395
2021-03-26,2.415
2021-03-27,2.38
2021-03-28,2.38
2021-03-29,2.38
2021-03-30,2.44
2021-03-31,2.45
2021-04-01,2.47
2021-04-02,2.395
2021-04-03,2.395
2021-04-04,2.395
2021-04-05,2.395
2021-04-06,2.355
2021-04-07,2.39
2021-04-08,2.385
2021-04-09,2.42
2021-04-10,2.425
2021-04-11,2.425
2021-04-12,2.425
2021-04-13,2.515
2021-04-14,2.635
2021-04-15,2.67
2021-04-16,2.635
2021-04-17,2.71
2021-04-18,2.71
2021-04-19,2.71
2021-04-20,2.795
2021-04-21,2.81
2021-04-22,2.735
2021-04-23,2.76
2021-04-24,2.72
2021-04-25,2.72
2021-04-26,2.72
2021-04-27,2.735
2021-04-28,2.89
2021-04-29,3.005
2021-04-30,2.895
2021-05-01,2.905
2021-05-02,2.905
2021-05-03,2.905
2021-05-04,2.985
2021-05-05,3.02
2021-05-06,3.025
2021-05-07,2.915
2021-05-08,2.915
2021-05-09,2.915
2021-05-10,2.915
2021-05-11,2.925
2021-05-12,2.92
2021-05-13,2.865
2021-05-14,2.89
2021-05-15,2.825
2021-05-16,2.825
2021-05-17,2.825
2021-05-18,2.98
2021-05-19,2.9
2021-05-20,2.84
2021-05-21,2.835
2021-05-22,2.755
2021-05-23,2.755
2021-05-24,2.755
2021-05-25,2.86
2021-05-26,2.87
2021-05-27,2.875
2021-05-28,2.795
2021-05-29,2.795
2021-05-30,2.795
2021-05-31,2.795
2021-06-01,2.8
2021-06-02,3.015
2021-06-03,2.985
2021-06-04,2.97
2021-06-05,2.875
2021-06-06,2.875
2021-06-07,2.875
2021-06-08,3.015
2021-06-09,3.04
2021-06-10,3.015
2021-06-11,3.115
2021-06-12,3.2
2021-06-13,3.2
2021-06-14,3.2
2021-06-15,3.305
2021-06-16,3.385
2021-06-17,3.2
2021-06-18,3.2
2021-06-19,3.145
2021-06-20,3.145
2021-06-21,3.145
2021-06-22,3.045
2021-06-23,3.205
2021-06-24,3.325
2021-06-25,3.275
2021-06-26,3.405
2021-06-27,3.405
2021-06-28,3.405
2021-06-29,3.57
2021-06-30,3.76
2021-07-01,3.65
2021-07-02,3.61
2021-07-03,3.5
2021-07-04,3.5
2021-07-05,3.5
2021-07-06,3.5
2021-07-07,3.595
2021-07-08,3.485
2021-07-09,3.555
2021-07-10,3.62
2021-07-11,3.62
2021-07-12,3.62
2021-07-13,3.635
2021-07-14,3.585
2021-07-15,3.59
2021-07-16,3.605
2021-07-17,3.62
2021-07-18,3.62
2021-07-19,3.62
2021-07-20,3.67
2021-07-21,3.77
2021-07-22,3.87
2021-07-23,3.865
2021-07-24,3.96
2021-07-25,3.96
2021-07-26,3.96
2021-07-27,4.06
2021-07-28,4.01
2021-07-29,4
2021-07-30,3.985
2021-07-31,3.985
2021-08-01,3.82
2021-08-02,3.82
2021-08-03,3.945
2021-08-04,3.925
2021-08-05,4.105
2021-08-06,4.15
2021-08-07,4.06
2021-08-08,4.06
2021-08-09,4.06
2021-08-10,4.025
2021-08-11,4.005
2021-08-12,3.96
2021-08-13,3.945
2021-08-14,3.88
2021-08-15,3.88
2021-08-16,3.88
2021-08-17,3.91
2021-08-18,3.855
2021-08-19,3.795
2021-08-20,3.75
2021-08-21,3.88
2021-08-22,3.88
2021-08-23,3.88
2021-08-24,3.85
2021-08-25,3.885
2021-08-26,3.99
2021-08-27,4.075
2021-08-28,4.3
2021-08-29,4.3
2021-08-30,4.3
2021-08-31,4.225
2021-09-01,4.275
2021-09-02,4.57
2021-09-03,4.725
2021-09-04,4.7
2021-09-05,4.7
2021-09-06,4.7
2021-09-07,4.7
2021-09-08,4.655
2021-09-09,4.855
2021-09-10,4.94
2021-09-11,4.88
2021-09-12,4.88
2021-09-13,4.88
2021-09-14,5.13
2021-09-15,5.235
2021-09-16,5.43
2021-09-17,5.25
2021-09-18,5.025
2021-09-19,5.025
2021-09-20,5.025
2021-09-21,5.095
2021-09-22,4.745
2021-09-23,4.755
2021-09-24,4.77
2021-09-25,4.74
2021-09-26,4.74
2021-09-27,4.74
2021-09-28,5.305
2021-09-29,5.705
2021-09-30,5.455
2021-10-01,5.355
2021-10-02,5.42
2021-10-03,5.42
2021-10-04,5.42
2021-10-05,5.72
2021-10-06,6.01
2021-10-07,5.755
2021-10-08,5.48
2021-10-09,5.415
2021-10-10,5.415
2021-10-11,5.415
2021-10-12,5.075
2021-10-13,5.065
2021-10-14,5.215
2021-10-15,5.595
2021-10-16,5.18
2021-10-17,5.18
2021-10-18,5.18
2021-10-19,4.88
2021-10-20,4.585
2021-10-21,4.695
2021-10-22,4.885
2021-10-23,4.86
2021-10-24,4.86
2021-10-25,4.86
2021-10-26,5.51
2021-10-27,5.45
2021-10-28,5.69
2021-10-29,5.415
2021-10-30,5.415
2021-10-31,5.415
2021-11-01,5.09
2021-11-02,4.86
2021-11-03,5.265
2021-11-04,5.435
2021-11-05,5.595
2021-11-06,5.13
2021-11-07,5.13
2021-11-08,5.13
2021-11-09,4.92
2021-11-10,4.635
2021-11-11,4.405
2021-11-12,4.65
2021-11-13,4.61
2021-11-14,4.61
2021-11-15,4.61
2021-11-16,4.42
2021-11-17,4.825
2021-11-18,4.755
2021-11-19,4.78
2021-11-20,4.72
2021-11-21,4.72
2021-11-22,4.72
2021-11-23,4.45
2021-11-24,4.61
2021-11-25,4.685
2021-11-26,4.685
2021-11-27,4.685
2021-11-28,4.685
2021-11-29,4.685
2021-11-30,4.68
2021-12-01,4.285
2021-12-02,3.92
2021-12-03,3.87
2021-12-04,3.725
2021-12-05,3.725
2021-12-06,3.725
2021-12-07,3.48
2021-12-08,3.545
2021-12-09,3.635
2021-12-10,3.47
2021-12-11,3.53
2021-12-12,3.53
2021-12-13,3.53
2021-12-14,3.755
2021-12-15,3.41
2021-12-16,3.575
2021-12-17,3.58
2021-12-18,3.505
2021-12-19,3.505
2021-12-20,3.505
2021-12-21,3.805
2021-12-22,3.705
2021-12-23,3.695
2021-12-24,3.09
2021-12-25,3.09
2021-12-26,3.09
2021-12-27,3.09
2021-12-28,3.06
2021-12-29,3.245
2021-12-30,3.21
2021-12-31,3.21
2022-01-01,3.55
2022-01-02,3.55
2022-01-03,3.55
2022-01-04,3.4
2022-01-05,3.575
2022-01-06,3.785
2022-01-07,3.695
2022-01-08,3.6
2022-01-09,3.6
2022-01-10,3.6
2022-01-11,3.905
2022-01-12,3.9
2022-01-13,4.315
2022-01-14,4.42
2022-01-15,4.145
2022-01-16,4.145
2022-01-17,4.145
2022-01-18,4.145
2022-01-19,4.255
2022-01-20,4.53
2022-01-21,4.21
2022-01-22,3.775
2022-01-23,3.775
2022-01-24,3.775
2022-01-25,3.88
2022-01-26,3.94
2022-01-27,4.185
2022-01-28,4.18
2022-01-29,5.03
2022-01-30,5.03
2022-01-31,5.03
2022-02-01,4.955
2022-02-02,5.135
2022-02-03,6.84
2022-02-04,6.485
2022-02-05,5.02
2022-02-06,5.02
2022-02-07,5.02
2022-02-08,3.985
2022-02-09,4.055
2022-02-10,3.785
2022-02-11,3.66
2022-02-12,3.66
2022-02-13,3.66
2022-02-14,3.66
2022-02-15,3.825
2022-02-16,3.955
2022-02-17,4.19
2022-02-18,4.33
2022-02-19,4.205
2022-02-20,4.205
2022-02-21,4.205
2022-02-22,4.205
2022-02-23,4.335
2022-02-24,4.445
2022-02-25,4.655
2022-02-26,4.31
2022-02-27,4.31
2022-02-28,4.31
2022-03-01,4.065
2022-03-02,4.23
2022-03-03,4.395
2022-03-04,4.31
2022-03-05,4.47
2022-03-06,4.47
2022-03-07,4.47
2022-03-08,4.72
2022-03-09,4.445
2022-03-10,4.345
2022-03-11,4.5
2022-03-12,4.47
2022-03-13,4.47
2022-03-14,4.47
2022-03-15,4.29
2022-03-16,4.13
2022-03-17,4.225
2022-03-18,4.505
2022-03-19,4.1
2022-03-20,4.1
2022-03-21,4.1
2022-03-22,4.32
2022-03-23,4.56
2022-03-24,4.76
2022-03-25,4.73
2022-03-26,5.075
2022-03-27,5.075
2022-03-28,5.075
2022-03-29,5.305
2022-03-30,5.035
2022-03-31,5.125
2022-04-01,5.305
2022-04-02,5.355
2022-04-03,5.355
2022-04-04,5.355
2022-04-05,5.585
2022-04-06,5.89
2022-04-07,6.175
2022-04-08,5.935
2022-04-09,6.095
2022-04-10,6.095
2022-04-11,6.095
2022-04-12,6.245
2022-04-13,6.435
2022-04-14,6.61
2022-04-15,6.76
2022-04-16,6.76
2022-04-17,6.76
2022-04-18,6.76
2022-04-19,7.535
2022-04-20,6.86
2022-04-21,6.56
2022-04-22,6.51
2022-04-23,6.27
2022-04-24,6.27
2022-04-25,6.27
2022-04-26,6.335
2022-04-27,6.695
2022-04-28,6.835
2022-04-29,6.655
2022-04-30,6.655
2022-05-01,6.52
2022-05-02,6.52
2022-05-03,7.21
2022-05-04,7.83
2022-05-05,8.22
2022-05-06,8.2
2022-05-07,8.165
2022-05-08,8.165
2022-05-09,8.165
2022-05-10,7.24
2022-05-11,6.66
2022-05-12,7.4
2022-05-13,7.435
2022-05-14,7.485
2022-05-15,7.485
2022-05-16,7.485
2022-05-17,7.85
2022-05-18,8.15
2022-05-19,8.3
2022-05-20,8.01
2022-05-21,7.795
2022-05-22,7.795
2022-05-23,7.795
2022-05-24,7.945
2022-05-25,8.67
2022-05-26,9.035
2022-05-27,8.88
2022-05-28,8.07
2022-05-29,8.07
2022-05-30,8.07
2022-05-31,8.07
2022-06-01,8.16
2022-06-02,8.265
2022-06-03,8.33
2022-06-04,8.14
2022-06-05,8.14
2022-06-06,8.14
2022-06-07,8.84
2022-06-08,9.095
2022-06-09,9.32
2022-06-10,7.96
2022-06-11,8.23
2022-06-12,8.23
2022-06-13,8.23
2022-06-14,8.19
2022-06-15,7.035
2022-06-16,7.305
2022-06-17,7.535
2022-06-18,6.765
2022-06-19,6.765
2022-06-20,6.765
2022-06-21,6.765
2022-06-22,6.395
2022-06-23,6.46
2022-06-24,6.27
2022-06-25,5.9
2022-06-26,5.9
2022-06-27,5.9
2022-06-28,5.98
2022-06-29,6.48
2022-06-30,6.54
2022-07-01,6.2
2022-07-02,5.45
2022-07-03,5.45
2022-07-04,5.45
2022-07-05,5.45
2022-07-06,5.515
2022-07-07,5.45
2022-07-08,5.7
2022-07-09,6.005
2022-07-10,6.005
2022-07-11,6.005
2022-07-12,6.455
2022-07-13,6.415
2022-07-14,6.385
2022-07-15,6.61
2022-07-16,6.355
2022-07-17,6.355
2022-07-18,6.355
2022-07-19,7.165
2022-07-20,7.06
2022-07-21,7.24
2022-07-22,7.65
2022-07-23,7.91
2022-07-24,7.91
2022-07-25,7.91
2022-07-26,8.22
2022-07-27,8.765
2022-07-28,8.255
2022-07-29,8.15
2022-07-30,8.15
2022-07-31,8.15
2022-08-01,7.91
2022-08-02,7.535
2022-08-03,7.24
2022-08-04,7.28
2022-08-05,7.72
2022-08-06,7.675
2022-08-07,7.675
2022-08-08,7.675
2022-08-09,7.355
2022-08-10,7.61
2022-08-11,7.545
2022-08-12,8.01
2022-08-13,8.29
2022-08-14,8.29
2022-08-15,8.29
2022-08-16,8.07
2022-08-17,8.735
2022-08-18,8.815
2022-08-19,8.84
2022-08-20,8.51
2022-08-21,8.51
2022-08-22,8.51
2022-08-23,8.945
2022-08-24,9.02
2022-08-25,8.595
2022-08-26,8.76
2022-08-27,8.7
2022-08-28,8.7
2022-08-29,8.7
2022-08-30,8.63
2022-08-31,8.365
2022-09-01,8.38
2022-09-02,8.75
2022-09-03,8.315
2022-09-04,8.315
2022-09-05,8.315
2022-09-06,8.315
2022-09-07,7.82
2022-09-08,7.495
2022-09-09,7.395
2022-09-10,7.28
2022-09-11,7.28
2022-09-12,7.28
2022-09-13,7.515
2022-09-14,7.595
2022-09-15,7.91
2022-09-16,7.48
2022-09-17,6.965
2022-09-18,6.965
2022-09-19,6.965
2022-09-20,6.82
2022-09-21,6.925
2022-09-22,6.955
2022-09-23,6.62
2022-09-24,5.26
2022-09-25,5.26
2022-09-26,5.26
2022-09-27,5.24
2022-09-28,5.57
2022-09-29,5.255
2022-09-30,5.015
2022-10-01,4.345
2022-10-02,4.345
2022-10-03,4.345
2022-10-04,4.61
2022-10-05,5.025
2022-10-06,5.88
2022-10-07,6.085
2022-10-08,5.555
2022-10-09,5.555
2022-10-10,5.555
2022-10-11,5.475
2022-10-12,5.51
2022-10-13,5.6
2022-10-14,5.42
2022-10-15,5.09
2022-10-16,5.09
2022-10-17,5.09
2022-10-18,5.305
2022-10-19,5.37
2022-10-20,4.915
2022-10-21,4.345
2022-10-22,3.495
2022-10-23,3.495
2022-10-24,3.495
2022-10-25,4.34
2022-10-26,4.61
2022-10-27,4.58
2022-10-28,4.52
2022-10-29,4.17
2022-10-30,4.17
2022-10-31,4.17
2022-11-01,3.645
2022-11-02,2.505
2022-11-03,2.35
2022-11-04,2.65
2022-11-05,1.25
2022-11-06,1.25
2022-11-07,1.25
2022-11-08,2.465
2022-11-09,2.925
2022-11-10,2.51
2022-11-11,3.65
2022-11-12,3.65
2022-11-13,3.65
2022-11-14,3.65
2022-11-15,5.36
2022-11-16,5.265
2022-11-17,5.02
2022-11-18,5.385
2022-11-19,5.23
2022-11-20,5.23
2022-11-21,5.23
2022-11-22,5.78
2022-11-23,5.45
2022-11-24,5.705
2022-11-25,5.705
2022-11-26,5.705
2022-11-27,5.705
2022-11-28,5.705
2022-11-29,5.36
2022-11-30,5.635
2022-12-01,5.37
2022-12-02,5.18
2022-12-03,4.15
2022-12-04,4.15
2022-12-05,4.15
2022-12-06,4.09
2022-12-07,3.89
2022-12-08,3.915
2022-12-09,4.335
2022-12-10,4.21
2022-12-11,4.21
2022-12-12,4.21
2022-12-13,5.04
2022-12-14,5.47
2022-12-15,5.025
2022-12-16,5.8
2022-12-17,4.645
2022-12-18,4.645
2022-12-19,4.645
2022-12-20,4.9
2022-12-21,4.165
2022-12-22,5.91
2022-12-23,6.875
2022-12-24,5.045
2022-12-25,5.045
2022-12-26,5.045
2022-12-27,5.045
2022-12-28,2.755
2022-12-29,2.215
2022-12-30,2.17
2022-12-31,2.17
2023-01-01,2.015
2023-01-02,2.015
2023-01-03,2.015
2023-01-04,2.925
2023-01-05,3.005
2023-01-06,2.77
2023-01-07,2.93
2023-01-08,2.93
2023-01-09,2.93
2023-01-10,3.055
2023-01-11,2.67
2023-01-12,2.915
2023-01-13,3.24
2023-01-14,2.68
2023-01-15,2.68
2023-01-16,2.68
2023-01-17,2.68
2023-01-18,2.755
2023-01-19,2.61
2023-01-20,2.35
2023-01-21,2.675
2023-01-22,2.675
2023-01-23,2.675
2023-01-24,2.93
2023-01-25,2.94
2023-01-26,2.66
2023-01-27,2.155
2023-01-28,2.19
2023-01-29,2.19
2023-01-30,2.19
2023-01-31,2.73
2023-02-01,2.685
2023-02-02,2.575
2023-02-03,2.4
2023-02-04,1.985
2023-02-05,1.985
2023-02-06,1.985
2023-02-07,1.75
2023-02-08,1.995
2023-02-09,2.09
2023-02-10,2.19
2023-02-11,2.03
2023-02-12,2.03
2023-02-13,2.03
2023-02-14,2.03
2023-02-15,2.175
2023-02-16,2.235
2023-02-17,2.26
2023-02-18,1.875
2023-02-19,1.875
2023-02-20,1.875
2023-02-21,1.875
2023-02-22,1.765
2023-02-23,1.735
2023-02-24,1.91
2023-02-25,1.89
2023-02-26,1.89
2023-02-27,1.89
2023-02-28,2.22
2023-03-01,2.285
2023-03-02,2.36
2023-03-03,2.51
2023-03-04,2.335
2023-03-05,2.335
2023-03-06,2.335
2023-03-07,2.33
2023-03-08,2.33
2023-03-09,2.31
2023-03-10,2.26
2023-03-11,2.1
2023-03-12,2.1
2023-03-13,2.1
2023-03-14,2.255
2023-03-15,2.18
2023-03-16,2.075
2023-03-17,2.245
2023-03-18,2.06
2023-03-19,2.06
2023-03-20,2.06
2023-03-21,1.805
2023-03-22,1.52
2023-03-23,1.795
2023-03-24,1.815
2023-03-25,1.83
2023-03-26,1.83
2023-03-27,1.83
2023-03-28,1.87
2023-03-29,1.805
2023-03-30,1.8
2023-03-31,1.84
2023-04-01,1.9
2023-04-02,1.9
2023-04-03,1.9
2023-04-04,1.795
2023-04-05,1.86
2023-04-06,1.935
2023-04-07,1.88
2023-04-08,1.88
2023-04-09,1.88
2023-04-10,1.88
2023-04-11,1.995
2023-04-12,1.995
2023-04-13,1.785
2023-04-14,1.59
2023-04-15,1.395
2023-04-16,1.395
2023-04-17,1.395
2023-04-18,1.95
2023-04-19,1.895
2023-04-20,1.89
2023-04-21,1.905
2023-04-22,1.905
2023-04-23,1.905
2023-04-24,1.905
2023-04-25,1.995
2023-04-26,2
2023-04-27,1.955
2023-04-28,1.985
2023-04-29,1.985
2023-04-30,1.985
2023-05-01,1.975
2023-05-02,2.03
2023-05-03,1.945
2023-05-04,1.885
2023-05-05,1.825
2023-05-06,1.705
2023-05-07,1.705
2023-05-08,1.705
2023-05-09,1.935
2023-05-10,2.025
2023-05-11,1.825
2023-05-12,1.77
2023-05-13,1.77
2023-05-14,1.77
2023-05-15,1.77
2023-05-16,2.09
2023-05-17,2.205
2023-05-18,2.115
2023-05-19,2.135
2023-05-20,2.3
2023-05-21,2.3
2023-05-22,2.3
2023-05-23,2.195
2023-05-24,2.195
2023-05-25,2.185
2023-05-26,2.105
2023-05-27,1.765
2023-05-28,1.765
2023-05-29,1.765
2023-05-30,1.765
2023-05-31,1.935
2023-06-01,1.91
2023-06-02,1.71
2023-06-03,1.575
2023-06-04,1.575
2023-06-05,1.575
2023-06-06,1.845
2023-06-07,1.965
2023-06-08,2.08
2023-06-09,2.01
2023-06-10,1.88
2023-06-11,1.88
2023-06-12,1.88
2023-06-13,2.03
2023-06-14,2.095
2023-06-15,2.09
2023-06-16,2.125
2023-06-17,2.125
2023-06-18,2.125
2023-06-19,2.125
2023-06-20,2.125
2023-06-21,2.34
2023-06-22,2.28
2023-06-23,2.35
2023-06-24,2.355
2023-06-25,2.355
2023-06-26,2.355
2023-06-27,2.615
2023-06-28,2.565
2023-06-29,2.505
2023-06-30,2.41
2023-07-01,2.395
2023-07-02,2.395
2023-07-03,2.395
2023-07-04,2.395
2023-07-05,2.395
2023-07-06,2.395
2023-07-07,2.205
2023-07-08,2.21
2023-07-09,2.21
2023-07-10,2.21
2023-07-11,2.275
2023-07-12,2.38
2023-07-13,2.36
2023-07-14,2.36
2023-07-15,2.31
2023-07-16,2.31
2023-07-17,2.31
2023-07-18,2.23
2023-07-19,2.32
2023-07-20,2.35
2023-07-21,2.45
2023-07-22,2.465
2023-07-23,2.465
2023-07-24,2.465
2023-07-25,2.425
2023-07-26,2.375
2023-07-27,2.335
2023-07-28,2.28
2023-07-29,2.45
2023-07-30,2.45
2023-07-31,2.45
2023-08-01,2.375
2023-08-02,2.245
2023-08-03,2.165
2023-08-04,2.205
2023-08-05,2.27
2023-08-06,2.27
2023-08-07,2.27
2023-08-08,2.405
2023-08-09,2.465
2023-08-10,2.665
2023-08-11,2.63
2023-08-12,2.495
2023-08-13,2.495
2023-08-14,2.495
2023-08-15,2.515
2023-08-16,2.495
2023-08-17,2.42
2023-08-18,2.455
2023-08-19,2.355
2023-08-20,2.355
2023-08-21,2.355
2023-08-22,2.44
2023-08-23,2.435
2023-08-24,2.37
2023-08-25,2.3
2023-08-26,2.35
2023-08-27,2.35
2023-08-28,2.35
2023-08-29,2.485
2023-08-30,2.385
2023-08-31,2.455
2023-09-01,2.52
2023-09-02,2.54
2023-09-03,2.54
2023-09-04,2.54
2023-09-05,2.54
2023-09-06,2.375
2023-09-07,2.325
2023-09-08,2.36
2023-09-09,2.38
2023-09-10,2.38
2023-09-11,2.38
2023-09-12,2.29
2023-09-13,2.285
2023-09-14,2.3
2023-09-15,2.445
2023-09-16,2.375
2023-09-17,2.375
2023-09-18,2.375
2023-09-19,2.42
2023-09-20,2.53
2023-09-21,2.415
2023-09-22,2.415
2023-09-23,2.3
2023-09-24,2.3
2023-09-25,2.3
2023-09-26,2.38
2023-09-27,2.43
2023-09-28,2.46
2023-09-29,2.45
2023-09-30,2.45
2023-10-01,2.375
2023-10-02,2.375
2023-10-03,2.495
2023-10-04,2.595
2023-10-05,2.68
2023-10-06,2.695
2023-10-07,2.73
2023-10-08,2.73
2023-10-09,2.73
2023-10-10,2.575
2023-10-11,2.575
2023-10-12,2.545
2023-10-13,2.505
2023-10-14,1.745
2023-10-15,1.745
2023-10-16,1.745
2023-10-17,2.055
2023-10-18,2.075
2023-10-19,2.46
2023-10-20,2.42
2023-10-21,1.88
2023-10-22,1.88
2023-10-23,1.88
2023-10-24,2.155
2023-10-25,2.22
2023-10-26,2.295
2023-10-27,2.44
2023-10-28,2.77
2023-10-29,2.77
2023-10-30,2.77
2023-10-31,3.125
2023-11-01,2.89
2023-11-02,2.61
2023-11-03,2.52
2023-11-04,2.11
2023-11-05,2.11
2023-11-06,2.11
2023-11-07,1.715
2023-11-08,1.445
2023-11-09,1.82
2023-11-10,1.965
2023-11-11,1.965
2023-11-12,1.965
2023-11-13,1.965
2023-11-14,2.38
2023-11-15,2.645
2023-11-16,2.695
2023-11-17,2.685
2023-11-18,2.285
2023-11-19,2.285
2023-11-20,2.285
2023-11-21,2.175
2023-11-22,2.415
2023-11-23,2.32
2023-11-24,2.32
2023-11-25,2.32
2023-11-26,2.32
2023-11-27,2.32
2023-11-28,2.625
2023-11-29,2.54
2023-11-30,2.49
2023-12-01,2.4
2023-12-02,2.255
2023-12-03,2.255
2023-12-04,2.255
2023-12-05,2.45
2023-12-06,2.42
2023-12-07,2.395
2023-12-08,2.02
2023-12-09,2.15
2023-12-10,2.15
2023-12-11,2.15
2023-12-12,1.995
2023-12-13,2.045
2023-12-14,2.025
2023-12-15,2.08
2023-12-16,2.15
2023-12-17,2.15
2023-12-18,2.15
2023-12-19,2.165
2023-12-20,2.005
2023-12-21,2.11
2023-12-22,1.985
2023-12-23,1.555
2023-12-24,1.555
2023-12-25,1.555
2023-12-26,1.555
2023-12-27,1.95
2023-12-28,2.2
2023-12-29,2.085
2023-12-30,2.085
2023-12-31,2.085
2024-01-01,1.965
2024-01-02,1.965
2024-01-03,2.205
2024-01-04,2.355
2024-01-05,2.55
2024-01-06,2.265
2024-01-07,2.265
2024-01-08,2.265
2024-01-09,2.5
2024-01-10,3.01
2024-01-11,2.805
2024-01-12,2.77
2024-01-13,7.71
2024-01-14,7.71
2024-01-15,7.71
2024-01-16,7.71
2024-01-17,5.24
2024-01-18,2.405
2024-01-19,2.46
2024-01-20,2.225
2024-01-21,2.225
2024-01-22,2.225
2024-01-23,1.95
2024-01-24,1.935
2024-01-25,2.24
2024-01-26,2.225
2024-01-27,2.16
2024-01-28,2.16
2024-01-29,2.16
2024-01-30,2.005
2024-01-31,1.925
2024-02-01,1.87
2024-02-02,1.83
2024-02-03,1.52
2024-02-04,1.52
2024-02-05,1.52
2024-02-06,1.655
2024-02-07,1.565
2024-02-08,1.48
2024-02-09,1.46
2024-02-10,1.53
2024-02-11,1.53
2024-02-12,1.53
2024-02-13,1.55
2024-02-14,1.32
2024-02-15,1.325
2024-02-16,1.275
2024-02-17,1.25
2024-02-18,1.25
2024-02-19,1.25
2024-02-20,1.25
2024-02-21,1.245
2024-02-22,1.375
2024-02-23,1.34
2024-02-24,1.075
2024-02-25,1.075
2024-02-26,1.075
2024-02-27,1.185
2024-02-28,1.315
2024-02-29,1.46
2024-03-01,1.48
2024-03-02,1.34
2024-03-03,1.34
2024-03-04,1.34
2024-03-05,1.475
2024-03-06,1.55
2024-03-07,1.54
2024-03-08,1.42
2024-03-09,1.38
2024-03-10,1.38
2024-03-11,1.38
2024-03-12,1.32
2024-03-13,1.205
2024-03-14,1.08
2024-03-15,1.165
2024-03-16,1.205
2024-03-17,1.205
2024-03-18,1.205
2024-03-19,1.42
2024-03-20,1.46
2024-03-21,1.365
2024-03-22,1.31
2024-03-23,1.185
2024-03-24,1.185
2024-03-25,1.185
2024-03-26,1.225
2024-03-27,1.28
2024-03-28,1.075
2024-03-29,1.075
2024-03-30,1.075
2024-03-31,1.075
2024-04-01,1.06
2024-04-02,1.075
2024-04-03,1.215
2024-04-04,1.39
2024-04-05,1.065
2024-04-06,0.78
2024-04-07,0.78
2024-04-08,0.78
2024-04-09,1.305
2024-04-10,1.49
2024-04-11,1.24
2024-04-12,1.04
2024-04-13,0.62
2024-04-14,0.62
2024-04-15,0.62
2024-04-16,1.165
2024-04-17,1.255
2024-04-18,1.275
2024-04-19,1.305
2024-04-20,1.235
2024-04-21,1.235
2024-04-22,1.235
2024-04-23,1.48
2024-04-24,1.43
2024-04-25,1.155
2024-04-26,1.14
2024-04-27,1.195
2024-04-28,1.195
2024-04-29,1.195
2024-04-30,1.45
2024-05-01,1.365
2024-05-02,1.405
2024-05-03,1.455
2024-05-04,1.455
2024-05-05,1.455
2024-05-06,1.455
2024-05-07,1.65
2024-05-08,1.61
2024-05-09,1.655
2024-05-10,1.71
2024-05-11,1.76
2024-05-12,1.76
2024-05-13,1.76
2024-05-14,1.78
2024-05-15,1.895
2024-05-16,1.965
2024-05-17,2.15
2024-05-18,2.06
2024-05-19,2.06
2024-05-20,2.06
2024-05-21,2.23
2024-05-22,2.16
2024-05-23,2.115
2024-05-24,2.16
2024-05-25,1.95
2024-05-26,1.95
2024-05-27,1.95
2024-05-28,1.95
2024-05-29,2.015
2024-05-30,1.87
2024-05-31,1.605
2024-06-01,1.71
2024-06-02,1.71
2024-06-03,1.71
2024-06-04,2.16
2024-06-05,2.185
2024-06-06,2.12
2024-06-07,2.05
2024-06-08,1.93
2024-06-09,1.93
2024-06-10,1.93
2024-06-11,2.42
2024-06-12,2.46
2024-06-13,2.54
2024-06-14,2.55
2024-06-15,2.28
2024-06-16,2.28
2024-06-17,2.28
2024-06-18,2.18
2024-06-19,2.22
2024-06-20,2.22
2024-06-21,2.21
2024-06-22,2.22
2024-06-23,2.22
2024-06-24,2.22
2024-06-25,2.315
2024-06-26,2.46
2024-06-27,2.23
2024-06-28,2.21
2024-06-29,2.21
2024-06-30,2.21
2024-07-01,2.215
2024-07-02,1.975
2024-07-03,1.825
2024-07-04,1.505
2024-07-05,1.505
2024-07-06,1.505
2024-07-07,1.505
2024-07-08,1.505
2024-07-09,1.63
2024-07-10,1.965
2024-07-11,1.845
2024-07-12,1.71
2024-07-13,1.825
2024-07-14,1.825
2024-07-15,1.825
2024-07-16,1.66
2024-07-17,1.675
2024-07-18,1.59
2024-07-19,1.56
2024-07-20,1.45
2024-07-21,1.45
2024-07-22,1.45
2024-07-23,1.765
2024-07-24,1.785
2024-07-25,1.705
2024-07-26,1.675
2024-07-27,1.635
2024-07-28,1.635
2024-07-29,1.635
2024-07-30,1.71
2024-07-31,1.69
2024-08-01,1.78
2024-08-02,1.81
2024-08-03,1.705
2024-08-04,1.705
2024-08-05,1.705
2024-08-06,1.745
2024-08-07,1.785
2024-08-08,1.835
2024-08-09,1.77
2024-08-10,1.84
2024-08-11,1.84
2024-08-12,1.84
2024-08-13,1.875
2024-08-14,1.865
2024-08-15,1.85
2024-08-16,1.9
2024-08-17,1.84
2024-08-18,1.84
2024-08-19,1.84
2024-08-20,1.86
2024-08-21,1.875
2024-08-22,1.77
2024-08-23,1.73
2024-08-24,1.625
2024-08-25,1.625
2024-08-26,1.625
2024-08-27,1.78
2024-08-28,1.755
2024-08-29,1.695
2024-08-30,1.57
2024-08-31,1.57
2024-09-01,1.75
2024-09-02,1.75
2024-09-03,1.75
2024-09-04,1.82
2024-09-05,1.95
2024-09-06,1.81
2024-09-07,1.965
2024-09-08,1.965
2024-09-09,1.965
2024-09-10,1.895
2024-09-11,1.865
2024-09-12,1.965
2024-09-13,1.97
2024-09-14,2.025
2024-09-15,2.025
2024-09-16,2.025
2024-09-17,2.025
2024-09-18,2.155
2024-09-19,2.085
2024-09-20,1.91
2024-09-21,2.05
2024-09-22,2.05
2024-09-23,2.05
2024-09-24,2.265
2024-09-25,2.45
2024-09-26,2.505
2024-09-27,2.495
2024-09-28,2.435
2024-09-29,2.435
2024-09-30,2.435
2024-10-01,2.55
2024-10-02,2.58
2024-10-03,2.595
2024-10-04,2.515
2024-10-05,2.34
2024-10-06,2.34
2024-10-07,2.34
2024-10-08,2.37
2024-10-09,2.305
2024-10-10,2.24
2024-10-11,2.21
2024-10-12,2.17
2024-10-13,2.17
2024-10-14,2.17
2024-10-15,2.17
2024-10-16,1.955
2024-10-17,1.83
2024-10-18,1.735
2024-10-19,1.32
2024-10-20,1.32
2024-10-21,1.32
2024-10-22,1.295
2024-10-23,1.57
2024-10-24,1.82
2024-10-25,1.9
2024-10-26,1.72
2024-10-27,1.72
2024-10-28,1.72
2024-10-29,1.895
2024-10-30,1.86
2024-10-31,1.84
2024-11-01,1.835
2024-11-02,1.225
2024-11-03,1.225
2024-11-04,1.225
2024-11-05,1.295
2024-11-06,1.51
2024-11-07,1.615
2024-11-08,1.31
2024-11-09,1.22
2024-11-10,1.22
2024-11-11,1.22
2024-11-12,1.22
2024-11-13,1.85
2024-11-14,1.925
2024-11-15,1.625
2024-11-16,1.165
2024-11-17,1.165
2024-11-18,1.165
2024-11-19,1.77
2024-11-20,1.885
2024-11-21,2.02
2024-11-22,2.43
2024-11-23,2.125
2024-11-24,2.125
2024-11-25,2.125
2024-11-26,2.43
2024-11-27,2.685
2024-11-28,2.685
2024-11-29,2.685
2024-11-30,2.685
2024-12-01,2.53
2024-12-02,2.53
2024-12-03,2.72
2024-12-04,2.63
2024-12-05,2.6
2024-12-06,2.74
2024-12-07,2.59
2024-12-08,2.59
2024-12-09,2.59
2024-12-10,2.805
2024-12-11,2.74
2024-12-12,2.855
2024-12-13,2.89
2024-12-14,2.78
2024-12-15,2.78
2024-12-16,2.78
2024-12-17,2.67
2024-12-18,2.75
2024-12-19,2.865
2024-12-20,2.88
2024-12-21,2.705
2024-12-22,2.705
2024-12-23,2.705
2024-12-24,2.66
2024-12-25,2.45
2024-12-26,2.45
2024-12-27,2.34
2024-12-28,2.11
2024-12-29,2.11
2024-12-30,2.11
2024-12-31,2.855
2025-01-01,2.615
2025-01-02,2.615
2025-01-03,3
2025-01-04,3.015
2025-01-05,3.015
2025-01-06,3.015
2025-01-07,3.775
2025-01-08,3.605
2025-01-09,3.5
2025-01-10,3.53
2025-01-11,3.75
2025-01-12,3.75
2025-01-13,3.75
2025-01-14,3.93
2025-01-15,3.925
2025-01-16,4.19
2025-01-17,3.83
2025-01-18,8.4
2025-01-19,8.4
2025-01-20,8.4
2025-01-21,8.4
2025-01-22,3.395
2025-01-23,3.23
2025-01-24,3.265
2025-01-25,3
2025-01-26,3
2025-01-27,3
2025-01-28,3.02
2025-01-29,2.87
2025-01-30,2.795
2025-01-31,2.725
2025-02-01,2.29
2025-02-02,2.29
2025-02-03,2.29
2025-02-04,2.575
2025-02-05,2.5
2025-02-06,2.57
2025-02-07,2.73
2025-02-08,2.67
2025-02-09,2.67
2025-02-10,2.67
2025-02-11,2.805
2025-02-12,2.88
2025-02-13,3.07
2025-02-14,3.15
2025-02-15,3.145
2025-02-16,3.145
2025-02-17,3.145
2025-02-18,3.145
2025-02-19,4.015
2025-02-20,6.66
2025-02-21,4.48
2025-02-22,3.565
2025-02-23,3.565
2025-02-24,3.565
2025-02-25,3.27
2025-02-26,3.265
2025-02-27,3.255
2025-02-28,3.29
2025-03-01,3.06
2025-03-02,3.06
2025-03-03,3.06
2025-03-04,3.11
2025-03-05,3.935
2025-03-06,3.635
2025-03-07,3.705
2025-03-08,3.66
2025-03-09,3.66
2025-03-10,3.66
2025-03-11,3.9
2025-03-12,3.935
2025-03-13,3.57
2025-03-14,3.39
2025-03-15,3.285
2025-03-16,3.285
2025-03-17,3.285
2025-03-18,3.36
2025-03-19,3.305
2025-03-20,3.365
2025-03-21,3.26
2025-03-22,3.245
2025-03-23,3.245
2025-03-24,3.245
2025-03-25,3.36
2025-03-26,3.33
2025-03-27,3.295
2025-03-28,3.165
2025-03-29,3.045
2025-03-30,3.045
2025-03-31,3.045
2025-04-01,3.465
2025-04-02,3.465
2025-04-03,3.6
2025-04-04,3.65
2025-04-05,3.395
2025-04-06,3.395
2025-04-07,3.395
2025-04-08,3.555
2025-04-09,3.41
2025-04-10,3.13
2025-04-11,3.315
2025-04-12,2.84
2025-04-13,2.84
2025-04-14,2.84
2025-04-15,3.115
2025-04-16,2.84
2025-04-17,2.51
2025-04-18,2.265
2025-04-19,2.265
2025-04-20,2.265
2025-04-21,2.265
2025-04-22,2.725
2025-04-23,2.74
2025-04-24,2.63
2025-04-25,2.47
2025-04-26,2.22
2025-04-27,2.22
2025-04-28,2.22
2025-04-29,2.57
2025-04-30,2.825
2025-05-01,2.765
2025-05-02,2.82
2025-05-03,2.705
2025-05-04,2.705
2025-05-05,2.705
2025-05-06,3.065
2025-05-07,2.825
2025-05-08,2.915
2025-05-09,3.005
2025-05-10,2.865
2025-05-11,2.865
2025-05-12,2.865
2025-05-13,3.015
2025-05-14,3.035
2025-05-15,3.055
2025-05-16,2.935
2025-05-17,2.76
2025-05-18,2.76
2025-05-19,2.76
2025-05-20,2.775
2025-05-21,2.895
2025-05-22,2.92
2025-05-23,2.77
2025-05-24,2.835
2025-05-25,2.835
2025-05-26,2.835
2025-05-27,2.835
2025-05-28,2.915
2025-05-29,2.975
2025-05-30,2.775
2025-05-31,2.775
2025-06-01,2.595
2025-06-02,2.595
2025-06-03,2.545
2025-06-04,2.565
2025-06-05,2.635
2025-06-06,2.645
2025-06-07,2.525
2025-06-08,2.525
2025-06-09,2.525
2025-06-10,2.685
2025-06-11,2.555
2025-06-12,2.565
2025-06-13,2.645
2025-06-14,2.4
2025-06-15,2.4
2025-06-16,2.4
2025-06-17,2.485
2025-06-18,2.585
2025-06-19,2.935
2025-06-20,2.935
2025-06-21,2.575
2025-06-22,2.575
2025-06-23,2.575
2025-06-24,2.79
2025-06-25,2.77
2025-06-26,2.905
2025-06-27,2.855
2025-06-28,2.82
2025-06-29,2.82
2025-06-30,2.82
2025-07-01,3
2025-07-02,2.815
2025-07-03,2.745
2025-07-04,2.77
2025-07-05,2.77
2025-07-06,2.77
2025-07-07,2.77
2025-07-08,2.88
2025-07-09,2.89
2025-07-10,2.74
2025-07-11,2.745
2025-07-12,2.79
2025-07-13,2.79
2025-07-14,2.79
2025-07-15,2.85
2025-07-16,2.935
2025-07-17,3.045
2025-07-18,3.09
2025-07-19,3
2025-07-20,3
2025-07-21,3
2025-07-22,2.7
2025-07-23,2.405
2025-07-24,2.555
2025-07-25,2.645
2025-07-26,2.73
2025-07-27,2.73
2025-07-28,2.73
2025-07-29,2.75
2025-07-30,2.79
2025-07-31,2.78
2025-08-01,2.69
2025-08-02,2.685
2025-08-03,2.685
2025-08-04,2.685
2025-08-05,2.59
2025-08-06,2.645
2025-08-07,2.715
2025-08-08,2.71
2025-08-09,2.68
2025-08-10,2.68
2025-08-11,2.68
2025-08-12,2.685
2025-08-13,2.63
2025-08-14,2.56
2025-08-15,2.515
2025-08-16,2.665
2025-08-17,2.665
2025-08-18,2.665
2025-08-19,2.685
2025-08-20,2.57
2025-08-21,2.53
2025-08-22,2.62
2025-08-23,2.56
2025-08-24,2.56
2025-08-25,2.56
2025-08-26,2.455
2025-08-27,2.475
2025-08-28,2.565
2025-08-29,2.54
2025-08-30,2.54
2025-08-31,2.54
2025-09-01,2.6
2025-09-02,2.6
2025-09-03,2.58
2025-09-04,2.725
2025-09-05,2.78
2025-09-06,2.72
2025-09-07,2.72
2025-09-08,2.72
2025-09-09,2.715
2025-09-10,2.68
2025-09-11,2.645
2025-09-12,2.58
2025-09-13,2.535
2025-09-14,2.535
2025-09-15,2.535
2025-09-16,2.695
2025-09-17,2.87
2025-09-18,2.94
2025-09-19,2.77
2025-09-20,2.655
2025-09-21,2.655
2025-09-22,2.655
2025-09-23,2.695
2025-09-24,2.665
2025-09-25,2.765
2025-09-26,2.835
2025-09-27,2.645
2025-09-28,2.645
2025-09-29,2.645
2025-09-30,2.875
2025-10-01,2.97
2025-10-02,2.965
2025-10-03,3.04
2025-10-04,2.815
2025-10-05,2.815
2025-10-06,2.815
2025-10-07,3.06
2025-10-08,2.985
2025-10-09,2.98
2025-10-10,2.935
2025-10-11,2.65
2025-10-12,2.65
2025-10-13,2.65
2025-10-14,2.65
2025-10-15,2.51
2025-10-16,2.395
2025-10-17,2.44
2025-10-18,2.255
2025-10-19,2.255
2025-10-20,2.255
2025-10-21,2.76
2025-10-22,2.945
2025-10-23,3.03
2025-10-24,2.955
2025-10-25,2.88
2025-10-26,2.88
2025-10-27,2.88
2025-10-28,2.895
2025-10-29,3
2025-10-30,2.95
2025-10-31,2.98
2025-11-01,2.795
2025-11-02,2.795
2025-11-03,2.795
2025-11-04,2.745
2025-11-05,2.775
2025-11-06,3.075
2025-11-07,3.1
2025-11-08,3.245
2025-11-09,3.245
2025-11-10,3.245
2025-11-11,3.225
2025-11-12,3.225
2025-11-13,3.29
2025-11-14,3.25
2025-11-15,3.22
2025-11-16,3.22
2025-11-17,3.22
2025-11-18,3.42
2025-11-19,3.445
2025-11-20,3.755
2025-11-21,3.855
2025-11-22,3.895
2025-11-23,3.895
2025-11-24,3.895
2025-11-25,3.905
2025-11-26,3.805
2025-11-27,3.805
2025-11-28,3.805
2025-11-29,3.805
2025-11-30,3.805
2025-12-01,4.03
2025-12-02,4.585
2025-12-03,4.13
2025-12-04,4.29
2025-12-05,4.385
2025-12-06,4.525
2025-12-07,4.525
2025-12-08,4.525
2025-12-09,4.39
2025-12-10,4.17
2025-12-11,4.08
2025-12-12,3.815
2025-12-13,3.365
2025-12-14,3.365
2025-12-15,3.365
2025-12-16,3.305
2025-12-17,2.975
2025-12-18,2.99
2025-12-19,3.195
2025-12-20,2.965
2025-12-21,2.965
2025-12-22,2.965
2025-12-23,2.965
2025-12-24,2.57
2025-12-25,2.345
2025-12-26,2.345
2025-12-27,2.345
2025-12-28,2.345
2025-12-29,2.345
2025-12-30,2.965
2025-12-31,3.045
2026-01-01,2.32
2026-01-02,2.32
2026-01-03,2.32
2026-01-04,2.32
2026-01-05,2.32
2026-01-06,2.025
2026-01-07,2.12
2026-01-08,2.54
2026-01-09,2.475
2026-01-10,2.4
2026-01-11,2.4
2026-01-12,2.4
2026-01-13,2.52
2026-01-14,2.615
2026-01-15,2.45
2026-01-16,2.355
2026-01-17,2.485
2026-01-18,2.485
2026-01-19,2.485
2026-01-20,2.485
2026-01-21,3.04
2026-01-22,4.65
2026-01-23,5.94
2026-01-24,20.825
2026-01-25,20.825
2026-01-26,20.825
2026-01-27,12.22
2026-01-28,10.365
2026-01-29,4.055
2026-01-30,4.455
2026-01-31,4.455
2026-02-01,3.29
2026-02-02,3.29
2026-02-03,2.95
2026-02-04,2.79
2026-02-05,2.82
2026-02-06,2.695
2026-02-07,2.79
2026-02-08,2.79
2026-02-09,2.79
2026-02-10,2.51
2026-02-11,2.575
2026-02-12,2.48
2026-02-13,2.515
2026-02-14,2.315
2026-02-15,2.315
2026-02-16,2.315
2026-02-17,2.315
2026-02-18,2.35
2026-02-19,2.365
2026-02-20,2.425
2026-02-21,2.51
2026-02-22,2.51
2026-02-23,2.51
2026-02-24,2.39
2026-02-25,2.35
2026-02-26,2.39
2026-02-27,2.295
2026-02-28,2.295
2026-03-01,2.355
2026-03-02,2.355
2026-03-03,2.525
2026-03-04,2.73
2026-03-05,2.6
2026-03-06,2.575
2026-03-07,2.68
2026-03-08,2.68
2026-03-09,2.68
2026-03-10,2.84
2026-03-11,2.62
2026-03-12,2.64
2026-03-13,2.69
2026-03-14,2.655
2026-03-15,2.655
2026-03-16,2.655
2026-03-17,2.61
2026-03-18,2.64
2026-03-19,2.565
2026-03-20,2.775
2026-03-21,2.61
2026-03-22,2.61
2026-03-23,2.61
2026-03-24,2.56
2026-03-25,2.5
2026-03-26,2.455
2026-03-27,2.47
2026-03-28,2.47
2026-03-29,2.47
2026-03-30,2.47
2026-03-31,2.38
2026-04-01,2.435
2026-04-02,2.34
2026-04-03,2.28
2026-04-04,2.28
2026-04-05,2.28
2026-04-06,2.28
2026-04-07,2.39
2026-04-08,2.52
2026-04-09,2.395
2026-04-10,2.35
2026-04-11,2.225
2026-04-12,2.225
2026-04-13,2.225
2026-04-14,2.29
2026-04-15,2.195
2026-04-16,2.295
2026-04-17,2.235
2026-04-18,2.195
2026-04-19,2.195
2026-04-20,2.195
2026-04-21,2.305
2026-04-22,2.295
2026-04-23,2.35
2026-04-24,2.335
2026-04-25,2.235
2026-04-26,2.235
2026-04-27,2.235
2026-04-28,2.355
2026-04-29,2.38
2026-04-30,2.235
2026-05-01,2.105
2026-05-02,2.09
2026-05-03,2.09
2026-05-04,2.09
2026-05-05,2.145
2026-05-06,2.325
2026-05-07,2.305
2026-05-08,2.345
2026-05-09,2.395
2026-05-10,2.395
2026-05-11,2.395
2026-05-12,2.43
2026-05-13,2.425
2026-05-14,2.43
2026-05-15,2.4
2026-05-16,2.37
2026-05-17,2.37
2026-05-18,2.37
2026-05-19,2.5
2026-05-20,2.555
2026-05-21,2.575
2026-05-22,2.545
2026-05-23,2.51
2026-05-24,2.51
2026-05-25,2.51
2026-05-26,2.51
2026-05-27,2.54
2026-05-28,2.565
2026-05-29,2.565
2026-05-30,2.565
2026-05-31,2.565
2026-06-01,2.81
2026-06-02,2.73
2026-06-03,2.625
2026-06-04,2.685
2026-06-05,2.75
2026-06-06,2.7
2026-06-07,2.7
2026-06-08,2.7
2026-06-09,2.645
2026-06-10,2.735
2026-06-11,2.805
2026-06-12,2.71
2026-06-13,2.655
2026-06-14,2.655
2026-06-15,2.655
2026-06-16,2.645
2026-06-17,2.7
2026-06-18,2.695
2026-06-19,2.625
2026-06-20,2.625
2026-06-21,2.625
2026-06-22,2.625
2026-06-23,2.74
2026-06-24,2.75
