date,region,city_count,temp_max_f,temp_min_f,temp_mean_f,precipitation_in,cdd,hdd
2024-01-01,Texas 4-city average,4,57.65,42.925,50.175,0.025,0.0,14.825
2024-01-02,Texas 4-city average,4,51.55,39.275,45.475,0.635,0.0,19.525
2024-01-03,Texas 4-city average,4,55.75,42.725,47.95,0.298,0.0,17.05
2024-01-04,Texas 4-city average,4,58.175,38.725,48.375,0.04,0.0,16.625
2024-01-05,Texas 4-city average,4,62.325,45.85,52.825,0.654,0.0,12.175
2024-01-06,Texas 4-city average,4,59.775,38.475,48.6,0.0,0.0,16.4
2024-01-07,Texas 4-city average,4,61.45,37.25,49.375,0.004,0.0,15.625
2024-01-08,Texas 4-city average,4,68.375,51.6,58.75,0.688,0.0,6.25
2024-01-09,Texas 4-city average,4,53.35,38.85,45.825,0.018,0.0,19.175
2024-01-10,Texas 4-city average,4,65.025,35.275,49.175,0.0,0.0,15.825
2024-01-11,Texas 4-city average,4,71.45,45.4,58.475,0.015,0.0,6.525
2024-01-12,Texas 4-city average,4,63.275,37.225,50.175,0.042,0.0,14.825
2024-01-13,Texas 4-city average,4,61.275,33.075,46.125,0.0,0.0,18.875
2024-01-14,Texas 4-city average,4,41.25,24.0,32.575,0.011,0.0,32.425
2024-01-15,Texas 4-city average,4,35.275,19.0,26.15,0.063,0.0,38.85
2024-01-16,Texas 4-city average,4,31.7,16.8,23.5,0.0,0.0,41.5
2024-01-17,Texas 4-city average,4,44.225,18.675,30.425,0.0,0.0,34.575
2024-01-18,Texas 4-city average,4,65.0,37.1,48.1,0.0,0.0,16.9
2024-01-19,Texas 4-city average,4,47.175,33.3,40.625,0.0,0.0,24.375
2024-01-20,Texas 4-city average,4,41.375,25.975,33.425,0.0,0.0,31.575
2024-01-21,Texas 4-city average,4,40.325,34.975,37.55,0.088,0.0,27.45
2024-01-22,Texas 4-city average,4,60.575,41.225,51.2,1.321,0.0,13.8
2024-01-23,Texas 4-city average,4,65.275,53.325,58.225,0.585,0.0,6.775
2024-01-24,Texas 4-city average,4,61.875,53.875,57.225,1.055,0.0,7.775
2024-01-25,Texas 4-city average,4,66.325,48.625,56.6,0.473,0.0,8.4
2024-01-26,Texas 4-city average,4,64.775,44.75,54.125,0.261,0.0,10.875
2024-01-27,Texas 4-city average,4,59.3,45.675,52.675,0.081,0.0,12.325
2024-01-28,Texas 4-city average,4,61.825,38.65,48.875,0.0,0.0,16.125
2024-01-29,Texas 4-city average,4,67.025,39.225,52.125,0.0,0.0,12.875
2024-01-30,Texas 4-city average,4,69.425,44.75,55.45,0.0,0.0,9.55
2024-01-31,Texas 4-city average,4,70.325,43.85,55.95,0.0,0.0,9.05
2024-02-01,Texas 4-city average,4,70.375,48.9,59.1,0.004,0.0,5.9
2024-02-02,Texas 4-city average,4,69.525,54.575,61.65,0.354,0.0,3.35
2024-02-03,Texas 4-city average,4,70.45,52.3,61.05,1.049,0.0,3.95
2024-02-04,Texas 4-city average,4,65.575,49.9,57.15,0.017,0.0,7.85
2024-02-05,Texas 4-city average,4,63.375,50.45,55.575,0.0,0.0,9.425
2024-02-06,Texas 4-city average,4,65.075,41.525,53.5,0.0,0.0,11.5
2024-02-07,Texas 4-city average,4,68.675,45.95,57.475,0.0,0.0,7.525
2024-02-08,Texas 4-city average,4,71.65,59.275,64.325,0.028,0.0,0.675
2024-02-09,Texas 4-city average,4,75.05,58.6,65.6,0.029,0.6,0.0
2024-02-10,Texas 4-city average,4,67.6,58.875,62.675,0.661,0.0,2.325
2024-02-11,Texas 4-city average,4,65.025,48.6,59.35,0.277,0.0,5.65
2024-02-12,Texas 4-city average,4,58.325,42.175,48.75,0.003,0.0,16.25
2024-02-13,Texas 4-city average,4,63.1,38.55,50.05,0.0,0.0,14.95
2024-02-14,Texas 4-city average,4,65.95,42.875,54.7,0.0,0.0,10.3
2024-02-15,Texas 4-city average,4,71.15,53.6,61.95,0.01,0.0,3.05
2024-02-16,Texas 4-city average,4,71.1,54.9,62.625,0.105,0.0,2.375
2024-02-17,Texas 4-city average,4,54.05,39.325,45.4,0.002,0.0,19.6
2024-02-18,Texas 4-city average,4,51.75,32.125,41.75,0.0,0.0,23.25
2024-02-19,Texas 4-city average,4,64.3,36.25,49.25,0.0,0.0,15.75
2024-02-20,Texas 4-city average,4,75.2,45.05,59.325,0.0,0.0,5.675
2024-02-21,Texas 4-city average,4,76.825,56.475,65.4,0.0,0.4,0.0
2024-02-22,Texas 4-city average,4,81.2,61.5,68.7,0.003,3.7,0.0
2024-02-23,Texas 4-city average,4,72.775,55.2,63.6,0.0,0.0,1.4
2024-02-24,Texas 4-city average,4,76.0,46.4,61.85,0.0,0.0,3.15
2024-02-25,Texas 4-city average,4,81.375,55.475,66.875,0.0,1.875,0.0
2024-02-26,Texas 4-city average,4,86.3,59.325,71.0,0.0,6.0,0.0
2024-02-27,Texas 4-city average,4,83.575,64.775,72.575,0.001,7.575,0.0
2024-02-28,Texas 4-city average,4,71.25,47.875,58.375,0.007,0.0,6.625
2024-02-29,Texas 4-city average,4,53.625,45.675,48.875,0.197,0.0,16.125
2024-03-01,Texas 4-city average,4,70.0,43.475,55.45,0.016,0.0,9.55
2024-03-02,Texas 4-city average,4,76.8,49.0,62.425,0.001,0.0,2.575
2024-03-03,Texas 4-city average,4,79.85,59.825,68.65,0.033,3.65,0.0
2024-03-04,Texas 4-city average,4,80.925,65.275,71.675,0.096,6.675,0.0
2024-03-05,Texas 4-city average,4,83.45,59.9,70.8,0.069,5.8,0.0
2024-03-06,Texas 4-city average,4,80.9,56.425,67.875,0.002,2.875,0.0
2024-03-07,Texas 4-city average,4,76.05,62.6,68.6,0.286,3.6,0.0
2024-03-08,Texas 4-city average,4,78.9,56.7,68.9,0.379,3.9,0.0
2024-03-09,Texas 4-city average,4,62.5,46.3,53.8,0.0,0.0,11.2
2024-03-10,Texas 4-city average,4,64.45,44.075,54.9,0.0,0.0,10.1
2024-03-11,Texas 4-city average,4,72.2,48.45,59.8,0.006,0.0,5.2
2024-03-12,Texas 4-city average,4,76.475,54.2,64.975,0.003,0.0,0.025
2024-03-13,Texas 4-city average,4,83.775,62.5,71.45,0.014,6.45,0.0
2024-03-14,Texas 4-city average,4,83.475,67.6,73.9,0.313,8.9,0.0
2024-03-15,Texas 4-city average,4,76.925,64.0,69.675,0.31,4.675,0.0
2024-03-16,Texas 4-city average,4,72.4,61.55,66.025,0.364,1.025,0.0
2024-03-17,Texas 4-city average,4,71.4,59.525,64.975,0.303,0.0,0.025
2024-03-18,Texas 4-city average,4,64.15,51.875,58.1,0.026,0.0,6.9
2024-03-19,Texas 4-city average,4,62.3,44.25,53.575,0.02,0.0,11.425
2024-03-20,Texas 4-city average,4,68.125,49.275,58.725,0.007,0.0,6.275
2024-03-21,Texas 4-city average,4,71.55,58.25,63.225,0.875,0.0,1.775
2024-03-22,Texas 4-city average,4,75.625,55.65,64.475,0.026,0.0,0.525
2024-03-23,Texas 4-city average,4,71.25,51.85,61.525,0.001,0.0,3.475
2024-03-24,Texas 4-city average,4,73.85,57.4,65.05,0.045,0.05,0.0
2024-03-25,Texas 4-city average,4,76.35,54.525,66.575,0.546,1.575,0.0
2024-03-26,Texas 4-city average,4,64.625,47.1,55.95,0.001,0.0,9.05
2024-03-27,Texas 4-city average,4,65.525,46.5,55.425,0.07,0.0,9.575
2024-03-28,Texas 4-city average,4,73.85,46.65,60.2,0.0,0.0,4.8
2024-03-29,Texas 4-city average,4,76.725,57.1,66.0,0.0,1.0,0.0
2024-03-30,Texas 4-city average,4,79.05,59.475,68.9,0.001,3.9,0.0
2024-03-31,Texas 4-city average,4,82.025,63.15,71.55,0.019,6.55,0.0
2024-04-01,Texas 4-city average,4,85.05,68.55,75.3,0.173,10.3,0.0
2024-04-02,Texas 4-city average,4,74.25,58.35,66.925,0.046,1.925,0.0
2024-04-03,Texas 4-city average,4,75.3,50.75,62.225,0.0,0.0,2.775
2024-04-04,Texas 4-city average,4,82.25,51.025,66.2,0.0,1.2,0.0
2024-04-05,Texas 4-city average,4,83.875,56.1,69.275,0.0,4.275,0.0
2024-04-06,Texas 4-city average,4,79.625,61.15,70.0,0.01,5.0,0.0
2024-04-07,Texas 4-city average,4,79.1,63.975,70.95,0.051,5.95,0.0
2024-04-08,Texas 4-city average,4,80.45,63.125,71.025,0.347,6.025,0.0
2024-04-09,Texas 4-city average,4,79.375,65.275,71.275,0.767,6.275,0.0
2024-04-10,Texas 4-city average,4,71.9,59.55,65.325,0.653,0.325,0.0
2024-04-11,Texas 4-city average,4,77.35,55.85,65.45,0.0,0.45,0.0
2024-04-12,Texas 4-city average,4,78.025,52.875,65.775,0.0,0.775,0.0
2024-04-13,Texas 4-city average,4,80.3,58.375,69.175,0.0,4.175,0.0
2024-04-14,Texas 4-city average,4,83.1,63.225,72.25,0.003,7.25,0.0
2024-04-15,Texas 4-city average,4,83.85,67.35,73.95,0.013,8.95,0.0
2024-04-16,Texas 4-city average,4,83.1,69.9,75.275,0.158,10.275,0.0
2024-04-17,Texas 4-city average,4,83.275,70.475,76.175,0.021,11.175,0.0
2024-04-18,Texas 4-city average,4,87.0,69.575,76.7,0.035,11.7,0.0
2024-04-19,Texas 4-city average,4,79.25,66.575,71.95,0.067,6.95,0.0
2024-04-20,Texas 4-city average,4,74.825,56.8,67.425,1.194,2.425,0.0
2024-04-21,Texas 4-city average,4,68.525,52.85,59.7,0.131,0.0,5.3
2024-04-22,Texas 4-city average,4,69.575,50.975,60.475,0.0,0.0,4.525
2024-04-23,Texas 4-city average,4,76.3,55.225,66.15,0.003,1.15,0.0
2024-04-24,Texas 4-city average,4,81.25,66.075,72.8,0.035,7.8,0.0
2024-04-25,Texas 4-city average,4,82.775,66.975,74.375,0.037,9.375,0.0
2024-04-26,Texas 4-city average,4,80.075,68.225,73.5,0.412,8.5,0.0
2024-04-27,Texas 4-city average,4,83.8,70.225,75.975,0.547,10.975,0.0
2024-04-28,Texas 4-city average,4,79.4,67.55,73.225,1.301,8.225,0.0
2024-04-29,Texas 4-city average,4,85.075,66.5,74.3,0.108,9.3,0.0
2024-04-30,Texas 4-city average,4,84.2,66.1,74.775,0.026,9.775,0.0
2024-05-01,Texas 4-city average,4,81.55,68.225,73.45,0.766,8.45,0.0
2024-05-02,Texas 4-city average,4,80.45,69.5,74.35,1.149,9.35,0.0
2024-05-03,Texas 4-city average,4,79.825,69.025,74.05,0.424,9.05,0.0
2024-05-04,Texas 4-city average,4,81.575,69.125,74.15,0.241,9.15,0.0
2024-05-05,Texas 4-city average,4,80.375,68.275,73.55,0.879,8.55,0.0
2024-05-06,Texas 4-city average,4,84.35,71.4,76.95,0.114,11.95,0.0
2024-05-07,Texas 4-city average,4,86.875,72.875,79.2,0.068,14.2,0.0
2024-05-08,Texas 4-city average,4,89.45,74.375,80.7,0.025,15.7,0.0
2024-05-09,Texas 4-city average,4,86.0,73.0,78.725,0.155,13.725,0.0
2024-05-10,Texas 4-city average,4,83.05,69.375,75.45,0.001,10.45,0.0
2024-05-11,Texas 4-city average,4,79.75,66.225,72.625,0.04,7.625,0.0
2024-05-12,Texas 4-city average,4,80.25,68.35,72.875,1.028,7.875,0.0
2024-05-13,Texas 4-city average,4,83.975,67.9,74.425,0.211,9.425,0.0
2024-05-14,Texas 4-city average,4,84.85,63.65,74.025,0.0,9.025,0.0
2024-05-15,Texas 4-city average,4,87.1,64.625,76.175,0.0,11.175,0.0
2024-05-16,Texas 4-city average,4,82.2,67.5,73.5,0.732,8.5,0.0
2024-05-17,Texas 4-city average,4,81.625,62.45,71.525,0.048,6.525,0.0
2024-05-18,Texas 4-city average,4,88.25,65.5,76.975,0.0,11.975,0.0
2024-05-19,Texas 4-city average,4,88.65,70.825,79.475,0.005,14.475,0.0
2024-05-20,Texas 4-city average,4,89.125,70.1,79.975,0.006,14.975,0.0
2024-05-21,Texas 4-city average,4,91.075,74.45,82.35,0.038,17.35,0.0
2024-05-22,Texas 4-city average,4,90.975,73.8,80.925,0.914,15.925,0.0
2024-05-23,Texas 4-city average,4,89.95,74.9,80.575,0.314,15.575,0.0
2024-05-24,Texas 4-city average,4,92.725,75.425,82.025,0.134,17.025,0.0
2024-05-25,Texas 4-city average,4,93.4,74.725,83.125,0.012,18.125,0.0
2024-05-26,Texas 4-city average,4,93.225,76.75,83.75,0.025,18.75,0.0
2024-05-27,Texas 4-city average,4,93.425,74.725,83.725,0.01,18.725,0.0
2024-05-28,Texas 4-city average,4,87.0,71.425,78.975,0.774,13.975,0.0
2024-05-29,Texas 4-city average,4,86.675,70.85,77.625,0.215,12.625,0.0
2024-05-30,Texas 4-city average,4,86.9,71.5,76.9,1.028,11.9,0.0
2024-05-31,Texas 4-city average,4,85.275,70.175,76.675,0.981,11.675,0.0
2024-06-01,Texas 4-city average,4,85.35,69.7,76.6,0.238,11.6,0.0
2024-06-02,Texas 4-city average,4,87.575,73.425,79.025,0.117,14.025,0.0
2024-06-03,Texas 4-city average,4,91.35,74.95,81.45,0.657,16.45,0.0
2024-06-04,Texas 4-city average,4,93.475,73.475,81.95,0.72,16.95,0.0
2024-06-05,Texas 4-city average,4,88.3,72.0,80.525,0.454,15.525,0.0
2024-06-06,Texas 4-city average,4,92.1,70.65,81.6,0.0,16.6,0.0
2024-06-07,Texas 4-city average,4,92.4,71.85,82.725,0.0,17.725,0.0
2024-06-08,Texas 4-city average,4,92.725,73.775,83.35,0.0,18.35,0.0
2024-06-09,Texas 4-city average,4,91.8,73.625,82.9,0.019,17.9,0.0
2024-06-10,Texas 4-city average,4,88.775,74.375,80.625,0.228,15.625,0.0
2024-06-11,Texas 4-city average,4,89.425,73.125,79.925,0.213,14.925,0.0
2024-06-12,Texas 4-city average,4,88.375,73.05,79.825,0.3,14.825,0.0
2024-06-13,Texas 4-city average,4,90.95,73.625,82.15,0.019,17.15,0.0
2024-06-14,Texas 4-city average,4,92.775,73.875,83.775,0.003,18.775,0.0
2024-06-15,Texas 4-city average,4,92.825,73.625,83.4,0.014,18.4,0.0
2024-06-16,Texas 4-city average,4,93.875,75.95,84.75,0.019,19.75,0.0
2024-06-17,Texas 4-city average,4,92.65,76.975,83.9,0.062,18.9,0.0
2024-06-18,Texas 4-city average,4,92.275,76.125,83.15,0.06,18.15,0.0
2024-06-19,Texas 4-city average,4,85.3,73.925,78.45,0.816,13.45,0.0
2024-06-20,Texas 4-city average,4,87.575,75.35,80.175,0.264,15.175,0.0
2024-06-21,Texas 4-city average,4,87.925,74.625,80.95,0.044,15.95,0.0
2024-06-22,Texas 4-city average,4,91.025,74.15,82.225,0.006,17.225,0.0
2024-06-23,Texas 4-city average,4,91.825,73.475,83.225,0.01,18.225,0.0
2024-06-24,Texas 4-city average,4,92.75,76.65,84.45,0.018,19.45,0.0
2024-06-25,Texas 4-city average,4,94.625,77.6,85.8,0.019,20.8,0.0
2024-06-26,Texas 4-city average,4,94.875,78.7,86.5,0.007,21.5,0.0
2024-06-27,Texas 4-city average,4,95.45,78.05,86.325,0.012,21.325,0.0
2024-06-28,Texas 4-city average,4,95.825,78.275,86.825,0.016,21.825,0.0
2024-06-29,Texas 4-city average,4,96.8,79.925,87.325,0.04,22.325,0.0
2024-06-30,Texas 4-city average,4,96.35,79.225,87.4,0.009,22.4,0.0
2024-07-01,Texas 4-city average,4,97.175,77.975,87.6,0.001,22.6,0.0
2024-07-02,Texas 4-city average,4,98.5,78.275,88.525,0.0,23.525,0.0
2024-07-03,Texas 4-city average,4,97.125,78.925,87.675,0.004,22.675,0.0
2024-07-04,Texas 4-city average,4,98.175,80.075,88.425,0.002,23.425,0.0
2024-07-05,Texas 4-city average,4,95.6,77.675,86.575,0.088,21.575,0.0
2024-07-06,Texas 4-city average,4,93.85,76.0,83.425,0.493,18.425,0.0
2024-07-07,Texas 4-city average,4,92.95,76.45,83.175,0.133,18.175,0.0
2024-07-08,Texas 4-city average,4,88.65,75.6,81.325,0.962,16.325,0.0
2024-07-09,Texas 4-city average,4,93.075,73.425,83.225,0.012,18.225,0.0
2024-07-10,Texas 4-city average,4,92.775,75.3,83.25,0.169,18.25,0.0
2024-07-11,Texas 4-city average,4,91.75,73.475,82.3,0.125,17.3,0.0
2024-07-12,Texas 4-city average,4,89.825,74.925,81.475,0.259,16.475,0.0
2024-07-13,Texas 4-city average,4,89.125,73.875,80.475,0.333,15.475,0.0
2024-07-14,Texas 4-city average,4,90.45,75.475,82.25,0.067,17.25,0.0
2024-07-15,Texas 4-city average,4,94.2,76.175,84.95,0.004,19.95,0.0
2024-07-16,Texas 4-city average,4,94.975,75.9,85.35,0.0,20.35,0.0
2024-07-17,Texas 4-city average,4,92.725,76.625,84.725,0.053,19.725,0.0
2024-07-18,Texas 4-city average,4,90.35,74.825,82.125,0.419,17.125,0.0
2024-07-19,Texas 4-city average,4,90.525,74.05,82.075,0.148,17.075,0.0
2024-07-20,Texas 4-city average,4,91.475,74.225,82.75,0.037,17.75,0.0
2024-07-21,Texas 4-city average,4,91.375,74.5,81.35,0.486,16.35,0.0
2024-07-22,Texas 4-city average,4,87.775,73.675,79.3,0.431,14.3,0.0
2024-07-23,Texas 4-city average,4,84.7,73.7,77.725,0.588,12.725,0.0
2024-07-24,Texas 4-city average,4,87.05,72.025,78.5,0.234,13.5,0.0
2024-07-25,Texas 4-city average,4,86.0,72.05,78.125,1.016,13.125,0.0
2024-07-26,Texas 4-city average,4,83.55,71.55,77.2,0.483,12.2,0.0
2024-07-27,Texas 4-city average,4,85.475,72.55,78.25,0.449,13.25,0.0
2024-07-28,Texas 4-city average,4,89.55,72.8,79.975,0.682,14.975,0.0
2024-07-29,Texas 4-city average,4,92.45,76.85,84.325,0.04,19.325,0.0
2024-07-30,Texas 4-city average,4,94.05,77.3,85.125,0.012,20.125,0.0
2024-07-31,Texas 4-city average,4,94.775,77.55,85.55,0.002,20.55,0.0
2024-08-01,Texas 4-city average,4,95.7,74.075,84.85,0.006,19.85,0.0
2024-08-02,Texas 4-city average,4,97.05,76.275,86.55,0.0,21.55,0.0
2024-08-03,Texas 4-city average,4,97.525,78.45,87.2,0.02,22.2,0.0
2024-08-04,Texas 4-city average,4,95.925,76.625,86.0,0.117,21.0,0.0
2024-08-05,Texas 4-city average,4,94.625,76.3,85.975,0.008,20.975,0.0
2024-08-06,Texas 4-city average,4,96.775,76.425,87.0,0.0,22.0,0.0
2024-08-07,Texas 4-city average,4,98.8,78.075,88.725,0.0,23.725,0.0
2024-08-08,Texas 4-city average,4,98.325,78.925,88.7,0.0,23.7,0.0
2024-08-09,Texas 4-city average,4,93.85,77.825,85.125,0.35,20.125,0.0
2024-08-10,Texas 4-city average,4,94.975,76.95,85.35,0.01,20.35,0.0
2024-08-11,Texas 4-city average,4,96.25,78.5,86.65,0.0,21.65,0.0
2024-08-12,Texas 4-city average,4,96.275,77.675,86.65,0.062,21.65,0.0
2024-08-13,Texas 4-city average,4,96.15,78.7,86.7,0.016,21.7,0.0
2024-08-14,Texas 4-city average,4,96.6,78.825,87.35,0.006,22.35,0.0
2024-08-15,Texas 4-city average,4,97.5,79.4,88.025,0.016,23.025,0.0
2024-08-16,Texas 4-city average,4,98.3,79.55,88.625,0.004,23.625,0.0
2024-08-17,Texas 4-city average,4,97.55,79.75,88.5,0.001,23.5,0.0
2024-08-18,Texas 4-city average,4,98.725,79.925,89.3,0.001,24.3,0.0
2024-08-19,Texas 4-city average,4,100.725,79.375,90.075,0.0,25.075,0.0
2024-08-20,Texas 4-city average,4,101.15,79.725,90.425,0.0,25.425,0.0
2024-08-21,Texas 4-city average,4,100.3,79.9,90.2,0.005,25.2,0.0
2024-08-22,Texas 4-city average,4,98.25,80.325,88.85,0.14,23.85,0.0
2024-08-23,Texas 4-city average,4,95.675,80.525,86.975,0.071,21.975,0.0
2024-08-24,Texas 4-city average,4,95.825,78.65,86.775,0.004,21.775,0.0
2024-08-25,Texas 4-city average,4,95.2,77.125,85.825,0.012,20.825,0.0
2024-08-26,Texas 4-city average,4,90.7,76.425,82.775,0.161,17.775,0.0
2024-08-27,Texas 4-city average,4,89.85,74.25,81.25,0.256,16.25,0.0
2024-08-28,Texas 4-city average,4,91.775,74.8,81.9,0.099,16.9,0.0
2024-08-29,Texas 4-city average,4,90.25,75.3,82.025,0.07,17.025,0.0
2024-08-30,Texas 4-city average,4,89.45,75.55,82.15,0.105,17.15,0.0
2024-08-31,Texas 4-city average,4,91.2,75.875,83.05,0.087,18.05,0.0
2024-09-01,Texas 4-city average,4,90.4,76.15,82.1,0.35,17.1,0.0
2024-09-02,Texas 4-city average,4,88.05,75.2,80.025,0.495,15.025,0.0
2024-09-03,Texas 4-city average,4,84.0,74.55,78.075,0.691,13.075,0.0
2024-09-04,Texas 4-city average,4,83.65,73.4,77.3,0.566,12.3,0.0
2024-09-05,Texas 4-city average,4,85.925,73.3,78.325,0.414,13.325,0.0
2024-09-06,Texas 4-city average,4,87.55,73.375,79.675,0.034,14.675,0.0
2024-09-07,Texas 4-city average,4,85.65,71.45,77.9,0.0,12.9,0.0
2024-09-08,Texas 4-city average,4,82.275,66.125,73.8,0.0,8.8,0.0
2024-09-09,Texas 4-city average,4,84.575,63.05,73.875,0.0,8.875,0.0
2024-09-10,Texas 4-city average,4,88.675,67.175,77.85,0.071,12.85,0.0
2024-09-11,Texas 4-city average,4,89.3,71.5,79.5,0.201,14.5,0.0
2024-09-12,Texas 4-city average,4,89.5,69.025,78.75,0.003,13.75,0.0
2024-09-13,Texas 4-city average,4,93.525,69.575,81.475,0.0,16.475,0.0
2024-09-14,Texas 4-city average,4,93.7,75.65,84.225,0.034,19.225,0.0
2024-09-15,Texas 4-city average,4,91.15,76.925,83.275,0.009,18.275,0.0
2024-09-16,Texas 4-city average,4,92.0,73.45,82.45,0.012,17.45,0.0
2024-09-17,Texas 4-city average,4,91.975,73.025,82.275,0.021,17.275,0.0
2024-09-18,Texas 4-city average,4,93.425,74.275,83.8,0.006,18.8,0.0
2024-09-19,Texas 4-city average,4,94.625,76.95,85.25,0.01,20.25,0.0
2024-09-20,Texas 4-city average,4,94.65,76.725,85.175,0.003,20.175,0.0
2024-09-21,Texas 4-city average,4,93.4,76.075,84.45,0.027,19.45,0.0
2024-09-22,Texas 4-city average,4,92.725,76.025,84.125,0.019,19.125,0.0
2024-09-23,Texas 4-city average,4,89.25,75.125,81.975,0.084,16.975,0.0
2024-09-24,Texas 4-city average,4,90.225,72.275,80.875,0.035,15.875,0.0
2024-09-25,Texas 4-city average,4,90.975,73.275,80.4,0.076,15.4,0.0
2024-09-26,Texas 4-city average,4,86.15,67.35,76.15,0.0,11.15,0.0
2024-09-27,Texas 4-city average,4,88.775,64.225,76.2,0.0,11.2,0.0
2024-09-28,Texas 4-city average,4,90.575,66.075,77.75,0.0,12.75,0.0
2024-09-29,Texas 4-city average,4,90.625,64.975,77.25,0.0,12.25,0.0
2024-09-30,Texas 4-city average,4,90.45,66.35,78.5,0.0,13.5,0.0
2024-10-01,Texas 4-city average,4,92.825,67.7,80.6,0.0,15.6,0.0
2024-10-02,Texas 4-city average,4,89.625,69.75,79.8,0.0,14.8,0.0
2024-10-03,Texas 4-city average,4,90.65,69.6,80.125,0.0,15.125,0.0
2024-10-04,Texas 4-city average,4,90.625,69.975,80.0,0.012,15.0,0.0
2024-10-05,Texas 4-city average,4,90.75,71.25,80.5,0.0,15.5,0.0
2024-10-06,Texas 4-city average,4,91.425,70.75,81.0,0.0,16.0,0.0
2024-10-07,Texas 4-city average,4,91.575,70.275,80.725,0.0,15.725,0.0
2024-10-08,Texas 4-city average,4,89.1,67.975,78.25,0.0,13.25,0.0
2024-10-09,Texas 4-city average,4,89.15,63.0,75.75,0.0,10.75,0.0
2024-10-10,Texas 4-city average,4,91.175,65.4,77.95,0.0,12.95,0.0
2024-10-11,Texas 4-city average,4,90.225,64.8,77.625,0.0,12.625,0.0
2024-10-12,Texas 4-city average,4,92.05,65.725,78.65,0.0,13.65,0.0
2024-10-13,Texas 4-city average,4,96.075,68.55,81.425,0.0,16.425,0.0
2024-10-14,Texas 4-city average,4,92.35,68.375,79.6,0.0,14.6,0.0
2024-10-15,Texas 4-city average,4,94.375,65.575,79.15,0.0,14.15,0.0
2024-10-16,Texas 4-city average,4,75.425,59.6,67.675,0.0,2.675,0.0
2024-10-17,Texas 4-city average,4,74.825,52.475,63.45,0.0,0.0,1.55
2024-10-18,Texas 4-city average,4,80.5,57.6,68.5,0.005,3.5,0.0
2024-10-19,Texas 4-city average,4,82.7,62.275,71.45,0.004,6.45,0.0
2024-10-20,Texas 4-city average,4,83.1,60.675,71.7,0.0,6.7,0.0
2024-10-21,Texas 4-city average,4,83.65,59.175,71.4,0.0,6.4,0.0
2024-10-22,Texas 4-city average,4,86.65,65.125,75.0,0.005,10.0,0.0
2024-10-23,Texas 4-city average,4,87.65,65.75,76.35,0.0,11.35,0.0
2024-10-24,Texas 4-city average,4,86.925,66.275,76.475,0.006,11.475,0.0
2024-10-25,Texas 4-city average,4,88.125,67.5,77.225,0.001,12.225,0.0
2024-10-26,Texas 4-city average,4,87.175,67.25,76.825,0.005,11.825,0.0
2024-10-27,Texas 4-city average,4,88.3,65.625,76.875,0.0,11.875,0.0
2024-10-28,Texas 4-city average,4,87.525,67.15,77.15,0.008,12.15,0.0
2024-10-29,Texas 4-city average,4,87.0,72.3,78.425,0.044,13.425,0.0
2024-10-30,Texas 4-city average,4,87.775,72.775,78.45,0.145,13.45,0.0
2024-10-31,Texas 4-city average,4,81.575,68.475,74.475,0.191,9.475,0.0
2024-11-01,Texas 4-city average,4,81.8,66.725,72.75,0.034,7.75,0.0
2024-11-02,Texas 4-city average,4,82.025,69.575,74.325,0.154,9.325,0.0
2024-11-03,Texas 4-city average,4,85.25,72.55,77.075,0.366,12.075,0.0
2024-11-04,Texas 4-city average,4,85.35,70.625,77.0,0.56,12.0,0.0
2024-11-05,Texas 4-city average,4,72.075,59.725,66.95,0.689,1.95,0.0
2024-11-06,Texas 4-city average,4,76.3,53.4,64.85,0.0,0.0,0.15
2024-11-07,Texas 4-city average,4,81.7,65.975,72.325,0.138,7.325,0.0
2024-11-08,Texas 4-city average,4,80.0,65.4,72.4,0.621,7.4,0.0
2024-11-09,Texas 4-city average,4,75.375,58.275,66.35,0.196,1.35,0.0
2024-11-10,Texas 4-city average,4,80.675,60.375,69.75,0.032,4.75,0.0
2024-11-11,Texas 4-city average,4,78.625,58.95,68.125,0.0,3.125,0.0
2024-11-12,Texas 4-city average,4,77.05,57.575,66.9,0.0,1.9,0.0
2024-11-13,Texas 4-city average,4,80.2,59.15,68.225,0.0,3.225,0.0
2024-11-14,Texas 4-city average,4,71.425,51.725,62.15,0.0,0.0,2.85
2024-11-15,Texas 4-city average,4,71.1,46.45,59.9,0.0,0.0,5.1
2024-11-16,Texas 4-city average,4,77.8,53.875,65.725,0.0,0.725,0.0
2024-11-17,Texas 4-city average,4,81.45,64.625,72.1,0.453,7.1,0.0
2024-11-18,Texas 4-city average,4,76.8,61.975,71.25,0.582,6.25,0.0
2024-11-19,Texas 4-city average,4,75.3,51.05,63.675,0.0,0.0,1.325
2024-11-20,Texas 4-city average,4,64.45,51.0,58.2,0.0,0.0,6.8
2024-11-21,Texas 4-city average,4,66.25,40.475,54.275,0.0,0.0,10.725
2024-11-22,Texas 4-city average,4,68.1,43.125,56.55,0.0,0.0,8.45
2024-11-23,Texas 4-city average,4,72.075,45.075,59.2,0.0,0.0,5.8
2024-11-24,Texas 4-city average,4,79.35,59.0,68.275,0.0,3.275,0.0
2024-11-25,Texas 4-city average,4,78.425,53.4,66.5,0.0,1.5,0.0
2024-11-26,Texas 4-city average,4,62.475,44.375,53.65,0.0,0.0,11.35
2024-11-27,Texas 4-city average,4,79.6,56.075,66.2,0.001,1.2,0.0
2024-11-28,Texas 4-city average,4,65.125,49.125,55.55,0.002,0.0,9.45
2024-11-29,Texas 4-city average,4,56.2,40.475,48.35,0.0,0.0,16.65
2024-11-30,Texas 4-city average,4,61.05,40.425,50.425,0.0,0.0,14.575
2024-12-01,Texas 4-city average,4,64.825,47.825,56.1,0.0,0.0,8.9
2024-12-02,Texas 4-city average,4,65.1,44.25,55.25,0.0,0.0,9.75
2024-12-03,Texas 4-city average,4,61.5,46.225,54.0,0.026,0.0,11.0
2024-12-04,Texas 4-city average,4,66.025,53.8,59.025,0.449,0.0,5.975
2024-12-05,Texas 4-city average,4,60.675,50.95,56.7,0.009,0.0,8.3
2024-12-06,Texas 4-city average,4,52.275,40.575,46.85,0.046,0.0,18.15
2024-12-07,Texas 4-city average,4,51.625,43.9,46.75,0.476,0.0,18.25
2024-12-08,Texas 4-city average,4,60.95,48.175,53.4,0.216,0.0,11.6
2024-12-09,Texas 4-city average,4,75.4,51.25,60.925,0.0,0.0,4.075
2024-12-10,Texas 4-city average,4,59.15,45.2,53.0,0.0,0.0,12.0
2024-12-11,Texas 4-city average,4,58.375,36.95,47.45,0.0,0.0,17.55
2024-12-12,Texas 4-city average,4,62.15,36.7,50.575,0.0,0.0,14.425
2024-12-13,Texas 4-city average,4,66.85,55.075,60.15,0.102,0.0,4.85
2024-12-14,Texas 4-city average,4,74.85,62.3,67.475,0.101,2.475,0.0
2024-12-15,Texas 4-city average,4,76.775,62.325,68.45,0.138,3.45,0.0
2024-12-16,Texas 4-city average,4,76.475,65.3,69.95,0.272,4.95,0.0
2024-12-17,Texas 4-city average,4,77.025,61.5,68.1,0.044,3.1,0.0
2024-12-18,Texas 4-city average,4,68.9,52.375,61.625,0.076,0.0,3.375
2024-12-19,Texas 4-city average,4,62.225,41.775,52.275,0.0,0.0,12.725
2024-12-20,Texas 4-city average,4,62.45,45.725,53.525,0.0,0.0,11.475
2024-12-21,Texas 4-city average,4,57.5,38.475,48.2,0.0,0.0,16.8
2024-12-22,Texas 4-city average,4,64.275,42.425,52.825,0.0,0.0,12.175
2024-12-23,Texas 4-city average,4,72.75,54.75,63.0,0.009,0.0,2.0
2024-12-24,Texas 4-city average,4,73.65,58.675,65.15,0.845,0.15,0.0
2024-12-25,Texas 4-city average,4,65.3,55.675,59.95,0.301,0.0,5.05
2024-12-26,Texas 4-city average,4,70.45,57.375,62.175,0.821,0.0,2.825
2024-12-27,Texas 4-city average,4,74.7,47.175,60.525,0.0,0.0,4.475
2024-12-28,Texas 4-city average,4,74.4,57.975,65.5,0.369,0.5,0.0
2024-12-29,Texas 4-city average,4,70.225,49.3,59.075,0.0,0.0,5.925
2024-12-30,Texas 4-city average,4,79.325,51.775,63.8,0.0,0.0,1.2
2024-12-31,Texas 4-city average,4,64.825,51.325,57.875,0.0,0.0,7.125
2025-01-01,Texas 4-city average,4,56.175,42.375,49.275,0.0,0.0,15.725
2025-01-02,Texas 4-city average,4,60.65,44.2,52.275,0.017,0.0,12.725
2025-01-03,Texas 4-city average,4,66.3,50.75,57.875,0.019,0.0,7.125
2025-01-04,Texas 4-city average,4,69.125,56.075,62.45,0.058,0.0,2.55
2025-01-05,Texas 4-city average,4,72.425,40.425,59.875,0.283,0.0,5.125
2025-01-06,Texas 4-city average,4,42.975,28.375,35.825,0.0,0.0,29.175
2025-01-07,Texas 4-city average,4,44.125,28.875,36.525,0.0,0.0,28.475
2025-01-08,Texas 4-city average,4,40.5,32.65,36.6,0.001,0.0,28.4
2025-01-09,Texas 4-city average,4,40.625,35.975,38.35,0.964,0.0,26.65
2025-01-10,Texas 4-city average,4,43.75,35.3,38.875,0.249,0.0,26.125
2025-01-11,Texas 4-city average,4,52.95,29.0,40.725,0.0,0.0,24.275
2025-01-12,Texas 4-city average,4,56.0,37.65,46.875,0.021,0.0,18.125
2025-01-13,Texas 4-city average,4,53.4,38.2,45.45,0.0,0.0,19.55
2025-01-14,Texas 4-city average,4,53.325,35.65,44.9,0.002,0.0,20.1
2025-01-15,Texas 4-city average,4,56.425,43.425,49.15,0.088,0.0,15.85
2025-01-16,Texas 4-city average,4,61.025,37.475,49.45,0.0,0.0,15.55
2025-01-17,Texas 4-city average,4,62.675,46.325,53.675,0.013,0.0,11.325
2025-01-18,Texas 4-city average,4,62.375,43.6,53.1,0.0,0.0,11.9
2025-01-19,Texas 4-city average,4,42.25,28.15,34.55,0.0,0.0,30.45
2025-01-20,Texas 4-city average,4,36.375,24.775,31.0,0.028,0.0,34.0
2025-01-21,Texas 4-city average,4,33.975,25.75,29.9,0.147,0.0,35.1
2025-01-22,Texas 4-city average,4,44.5,22.25,32.675,0.0,0.0,32.325
2025-01-23,Texas 4-city average,4,51.875,31.9,40.85,0.0,0.0,24.15
2025-01-24,Texas 4-city average,4,54.5,28.725,42.475,0.0,0.0,22.525
2025-01-25,Texas 4-city average,4,62.55,37.8,50.025,0.007,0.0,14.975
2025-01-26,Texas 4-city average,4,63.35,50.575,57.575,0.341,0.0,7.425
2025-01-27,Texas 4-city average,4,53.8,44.15,49.0,0.025,0.0,16.0
2025-01-28,Texas 4-city average,4,58.7,48.625,52.75,0.037,0.0,12.25
2025-01-29,Texas 4-city average,4,68.55,53.725,60.375,0.835,0.0,4.625
2025-01-30,Texas 4-city average,4,70.3,56.825,64.075,1.076,0.0,0.925
2025-01-31,Texas 4-city average,4,66.5,49.8,57.075,0.0,0.0,7.925
2025-02-01,Texas 4-city average,4,68.375,38.75,54.325,0.0,0.0,10.675
2025-02-02,Texas 4-city average,4,73.5,46.85,59.975,0.0,0.0,5.025
2025-02-03,Texas 4-city average,4,78.925,57.625,67.4,0.003,2.4,0.0
2025-02-04,Texas 4-city average,4,78.6,61.2,69.45,0.008,4.45,0.0
2025-02-05,Texas 4-city average,4,77.125,61.15,68.425,0.035,3.425,0.0
2025-02-06,Texas 4-city average,4,81.35,63.725,71.525,0.005,6.525,0.0
2025-02-07,Texas 4-city average,4,79.6,63.475,69.6,0.012,4.6,0.0
2025-02-08,Texas 4-city average,4,84.3,63.375,72.65,0.001,7.65,0.0
2025-02-09,Texas 4-city average,4,69.925,55.925,62.45,0.024,0.0,2.55
2025-02-10,Texas 4-city average,4,60.05,50.8,54.775,0.112,0.0,10.225
2025-02-11,Texas 4-city average,4,60.775,51.075,55.35,0.881,0.0,9.65
2025-02-12,Texas 4-city average,4,65.025,43.775,54.325,0.372,0.0,10.675
2025-02-13,Texas 4-city average,4,45.75,34.175,40.375,0.0,0.0,24.625
2025-02-14,Texas 4-city average,4,52.975,38.4,45.2,0.021,0.0,19.8
2025-02-15,Texas 4-city average,4,72.2,49.675,59.9,0.048,0.0,5.1
2025-02-16,Texas 4-city average,4,54.475,36.75,44.725,0.0,0.0,20.275
2025-02-17,Texas 4-city average,4,58.95,34.15,46.275,0.0,0.0,18.725
2025-02-18,Texas 4-city average,4,64.05,38.375,54.35,0.522,0.0,10.65
2025-02-19,Texas 4-city average,4,39.9,23.775,31.575,0.001,0.0,33.425
2025-02-20,Texas 4-city average,4,37.775,20.45,28.775,0.0,0.0,36.225
2025-02-21,Texas 4-city average,4,36.25,29.3,32.75,0.012,0.0,32.25
2025-02-22,Texas 4-city average,4,44.05,33.15,38.3,0.159,0.0,26.7
2025-02-23,Texas 4-city average,4,60.175,40.925,49.325,0.149,0.0,15.675
2025-02-24,Texas 4-city average,4,67.7,41.625,54.05,0.0,0.0,10.95
2025-02-25,Texas 4-city average,4,71.85,47.625,58.975,0.0,0.0,6.025
2025-02-26,Texas 4-city average,4,76.375,54.25,64.625,0.0,0.0,0.375
2025-02-27,Texas 4-city average,4,69.05,56.625,62.375,0.001,0.0,2.625
2025-02-28,Texas 4-city average,4,72.475,46.25,60.275,0.0,0.0,4.725
2025-03-01,Texas 4-city average,4,78.9,50.525,65.125,0.0,0.125,0.0
2025-03-02,Texas 4-city average,4,76.4,56.8,65.7,0.068,0.7,0.0
2025-03-03,Texas 4-city average,4,77.825,61.9,68.325,0.107,3.325,0.0
2025-03-04,Texas 4-city average,4,73.075,59.8,67.45,0.317,2.45,0.0
2025-03-05,Texas 4-city average,4,66.2,48.95,57.3,0.0,0.0,7.7
2025-03-06,Texas 4-city average,4,68.85,43.475,57.05,0.0,0.0,7.95
2025-03-07,Texas 4-city average,4,81.3,58.625,68.7,0.001,3.7,0.0
2025-03-08,Texas 4-city average,4,78.2,54.4,66.15,0.212,1.15,0.0
2025-03-09,Texas 4-city average,4,61.425,46.2,53.175,0.044,0.0,11.825
2025-03-10,Texas 4-city average,4,72.375,41.075,57.5,0.0,0.0,7.5
2025-03-11,Texas 4-city average,4,77.6,48.65,63.5,0.0,0.0,1.5
2025-03-12,Texas 4-city average,4,86.475,58.375,70.025,0.001,5.025,0.0
2025-03-13,Texas 4-city average,4,88.2,58.5,72.975,0.0,7.975,0.0
2025-03-14,Texas 4-city average,4,89.7,65.05,75.8,0.007,10.8,0.0
2025-03-15,Texas 4-city average,4,77.0,62.65,69.8,0.056,4.8,0.0
2025-03-16,Texas 4-city average,4,76.225,48.75,63.975,0.0,0.0,1.025
2025-03-17,Texas 4-city average,4,81.075,48.4,66.025,0.0,1.025,0.0
2025-03-18,Texas 4-city average,4,82.875,60.075,70.425,0.0,5.425,0.0
2025-03-19,Texas 4-city average,4,77.575,59.475,69.075,0.008,4.075,0.0
2025-03-20,Texas 4-city average,4,67.925,45.95,57.75,0.0,0.0,7.25
2025-03-21,Texas 4-city average,4,76.05,46.1,61.5,0.0,0.0,3.5
2025-03-22,Texas 4-city average,4,82.6,55.725,68.8,0.0,3.8,0.0
2025-03-23,Texas 4-city average,4,85.95,65.0,73.25,0.113,8.25,0.0
2025-03-24,Texas 4-city average,4,83.35,59.75,71.75,0.059,6.75,0.0
2025-03-25,Texas 4-city average,4,89.0,61.1,74.85,0.006,9.85,0.0
2025-03-26,Texas 4-city average,4,80.125,64.575,71.2,0.339,6.2,0.0
2025-03-27,Texas 4-city average,4,71.825,63.075,66.675,1.035,1.675,0.0
2025-03-28,Texas 4-city average,4,73.525,63.525,67.25,0.449,2.25,0.0
2025-03-29,Texas 4-city average,4,81.925,63.55,71.8,0.056,6.8,0.0
2025-03-30,Texas 4-city average,4,81.975,66.7,73.25,0.081,8.25,0.0
2025-03-31,Texas 4-city average,4,77.075,63.825,69.525,0.025,4.525,0.0
2025-04-01,Texas 4-city average,4,82.625,61.175,71.3,0.029,6.3,0.0
2025-04-02,Texas 4-city average,4,84.2,70.125,76.075,0.099,11.075,0.0
2025-04-03,Texas 4-city average,4,83.05,68.625,74.825,0.317,9.825,0.0
2025-04-04,Texas 4-city average,4,81.875,67.125,73.55,0.773,8.55,0.0
2025-04-05,Texas 4-city average,4,71.45,53.75,64.275,0.881,0.0,0.725
2025-04-06,Texas 4-city average,4,56.65,45.725,51.2,0.023,0.0,13.8
2025-04-07,Texas 4-city average,4,65.95,42.675,54.375,0.0,0.0,10.625
2025-04-08,Texas 4-city average,4,72.425,45.7,59.625,0.0,0.0,5.375
2025-04-09,Texas 4-city average,4,81.225,54.2,67.175,0.0,2.175,0.0
2025-04-10,Texas 4-city average,4,85.425,58.55,71.725,0.0,6.725,0.0
2025-04-11,Texas 4-city average,4,86.25,61.025,73.925,0.0,8.925,0.0
2025-04-12,Texas 4-city average,4,85.425,59.525,72.925,0.0,7.925,0.0
2025-04-13,Texas 4-city average,4,90.4,64.3,76.125,0.0,11.125,0.0
2025-04-14,Texas 4-city average,4,91.05,64.475,76.325,0.0,11.325,0.0
2025-04-15,Texas 4-city average,4,79.575,64.575,72.025,0.0,7.025,0.0
2025-04-16,Texas 4-city average,4,85.05,61.975,73.0,0.002,8.0,0.0
2025-04-17,Texas 4-city average,4,88.025,65.85,75.625,0.001,10.625,0.0
2025-04-18,Texas 4-city average,4,90.8,68.9,78.425,0.009,13.425,0.0
2025-04-19,Texas 4-city average,4,82.7,69.25,75.2,0.421,10.2,0.0
2025-04-20,Texas 4-city average,4,81.0,65.85,73.325,0.52,8.325,0.0
2025-04-21,Texas 4-city average,4,80.975,60.325,70.3,0.035,5.3,0.0
2025-04-22,Texas 4-city average,4,84.975,65.475,73.8,0.069,8.8,0.0
2025-04-23,Texas 4-city average,4,82.125,67.475,73.175,0.469,8.175,0.0
2025-04-24,Texas 4-city average,4,81.6,67.8,72.775,0.361,7.775,0.0
2025-04-25,Texas 4-city average,4,82.625,66.275,73.3,0.13,8.3,0.0
2025-04-26,Texas 4-city average,4,83.05,68.1,75.075,0.044,10.075,0.0
2025-04-27,Texas 4-city average,4,84.6,69.45,76.425,0.012,11.425,0.0
2025-04-28,Texas 4-city average,4,85.775,71.075,77.225,0.011,12.225,0.0
2025-04-29,Texas 4-city average,4,87.25,69.975,77.325,0.056,12.325,0.0
2025-04-30,Texas 4-city average,4,81.4,69.475,74.8,0.281,9.8,0.0
2025-05-01,Texas 4-city average,4,83.675,67.575,74.225,0.368,9.225,0.0
2025-05-02,Texas 4-city average,4,81.325,66.075,71.525,0.985,6.525,0.0
2025-05-03,Texas 4-city average,4,75.45,61.6,67.85,0.008,2.85,0.0
2025-05-04,Texas 4-city average,4,76.675,56.8,66.9,0.0,1.9,0.0
2025-05-05,Texas 4-city average,4,75.65,61.575,67.575,0.879,2.575,0.0
2025-05-06,Texas 4-city average,4,82.075,63.7,70.975,1.945,5.975,0.0
2025-05-07,Texas 4-city average,4,80.775,63.525,71.5,0.034,6.5,0.0
2025-05-08,Texas 4-city average,4,80.025,63.7,71.275,0.215,6.275,0.0
2025-05-09,Texas 4-city average,4,79.15,63.125,70.725,0.086,5.725,0.0
2025-05-10,Texas 4-city average,4,78.575,62.175,69.75,0.039,4.75,0.0
2025-05-11,Texas 4-city average,4,80.25,60.875,69.825,0.002,4.825,0.0
2025-05-12,Texas 4-city average,4,87.2,58.475,72.9,0.0,7.9,0.0
2025-05-13,Texas 4-city average,4,97.4,67.775,81.025,0.0,16.025,0.0
2025-05-14,Texas 4-city average,4,98.525,74.3,84.625,0.0,19.625,0.0
2025-05-15,Texas 4-city average,4,93.125,74.25,83.125,0.001,18.125,0.0
2025-05-16,Texas 4-city average,4,94.95,76.0,83.875,0.083,18.875,0.0
2025-05-17,Texas 4-city average,4,94.1,75.875,83.175,0.025,18.175,0.0
2025-05-18,Texas 4-city average,4,92.175,75.5,82.25,0.777,17.25,0.0
2025-05-19,Texas 4-city average,4,89.65,75.775,81.5,0.256,16.5,0.0
2025-05-20,Texas 4-city average,4,90.175,74.675,81.725,0.078,16.725,0.0
2025-05-21,Texas 4-city average,4,90.625,68.45,79.475,0.03,14.475,0.0
2025-05-22,Texas 4-city average,4,93.2,74.1,81.95,0.009,16.95,0.0
2025-05-23,Texas 4-city average,4,94.9,74.3,83.575,0.032,18.575,0.0
2025-05-24,Texas 4-city average,4,95.275,76.175,84.825,0.041,19.825,0.0
2025-05-25,Texas 4-city average,4,93.8,75.725,83.925,0.092,18.925,0.0
2025-05-26,Texas 4-city average,4,85.15,71.05,76.75,1.401,11.75,0.0
2025-05-27,Texas 4-city average,4,86.15,68.525,76.825,0.202,11.825,0.0
2025-05-28,Texas 4-city average,4,82.125,69.525,75.025,0.597,10.025,0.0
2025-05-29,Texas 4-city average,4,87.4,69.475,77.65,0.051,12.65,0.0
2025-05-30,Texas 4-city average,4,82.25,69.95,75.875,0.531,10.875,0.0
2025-05-31,Texas 4-city average,4,86.275,70.2,77.75,0.028,12.75,0.0
2025-06-01,Texas 4-city average,4,89.725,71.5,79.875,0.172,14.875,0.0
2025-06-02,Texas 4-city average,4,93.275,72.675,82.15,0.02,17.15,0.0
2025-06-03,Texas 4-city average,4,89.975,75.525,81.275,0.161,16.275,0.0
2025-06-04,Texas 4-city average,4,88.5,74.6,80.325,0.313,15.325,0.0
2025-06-05,Texas 4-city average,4,91.725,74.275,82.325,0.119,17.325,0.0
2025-06-06,Texas 4-city average,4,93.475,76.475,84.425,0.017,19.425,0.0
2025-06-07,Texas 4-city average,4,95.6,77.125,85.475,0.016,20.475,0.0
2025-06-08,Texas 4-city average,4,96.175,76.5,85.4,0.278,20.4,0.0
2025-06-09,Texas 4-city average,4,93.3,73.025,82.85,0.49,17.85,0.0
2025-06-10,Texas 4-city average,4,89.1,75.05,81.15,0.123,16.15,0.0
2025-06-11,Texas 4-city average,4,81.1,71.6,75.6,1.129,10.6,0.0
2025-06-12,Texas 4-city average,4,83.325,69.65,75.35,1.133,10.35,0.0
2025-06-13,Texas 4-city average,4,86.125,71.35,77.375,0.436,12.375,0.0
2025-06-14,Texas 4-city average,4,86.55,73.575,79.475,0.261,14.475,0.0
2025-06-15,Texas 4-city average,4,86.775,73.5,79.275,0.415,14.275,0.0
2025-06-16,Texas 4-city average,4,89.05,72.575,79.675,0.117,14.675,0.0
2025-06-17,Texas 4-city average,4,91.5,73.725,82.35,0.01,17.35,0.0
2025-06-18,Texas 4-city average,4,92.675,77.05,83.875,0.028,18.875,0.0
2025-06-19,Texas 4-city average,4,92.65,76.1,83.925,0.036,18.925,0.0
2025-06-20,Texas 4-city average,4,93.75,76.925,85.0,0.033,20.0,0.0
2025-06-21,Texas 4-city average,4,94.55,76.675,84.625,0.021,19.625,0.0
2025-06-22,Texas 4-city average,4,93.1,77.075,84.125,0.068,19.125,0.0
2025-06-23,Texas 4-city average,4,94.1,77.0,84.775,0.028,19.775,0.0
2025-06-24,Texas 4-city average,4,93.375,76.05,83.65,0.042,18.65,0.0
2025-06-25,Texas 4-city average,4,90.575,74.95,81.175,0.167,16.175,0.0
2025-06-26,Texas 4-city average,4,91.675,74.6,81.7,0.033,16.7,0.0
2025-06-27,Texas 4-city average,4,92.275,74.975,83.225,0.01,18.225,0.0
2025-06-28,Texas 4-city average,4,93.7,76.35,84.75,0.015,19.75,0.0
2025-06-29,Texas 4-city average,4,92.525,76.525,83.325,0.105,18.325,0.0
2025-06-30,Texas 4-city average,4,92.775,75.425,82.275,0.354,17.275,0.0
2025-07-01,Texas 4-city average,4,91.475,74.45,82.225,0.024,17.225,0.0
2025-07-02,Texas 4-city average,4,93.075,75.925,83.025,0.166,18.025,0.0
2025-07-03,Texas 4-city average,4,87.75,75.15,79.925,0.928,14.925,0.0
2025-07-04,Texas 4-city average,4,85.05,75.4,79.1,0.852,14.1,0.0
2025-07-05,Texas 4-city average,4,85.25,74.775,78.95,1.673,13.95,0.0
2025-07-06,Texas 4-city average,4,88.975,74.6,80.425,0.311,15.425,0.0
2025-07-07,Texas 4-city average,4,87.775,74.45,80.15,0.342,15.15,0.0
2025-07-08,Texas 4-city average,4,88.125,73.825,79.725,0.336,14.725,0.0
2025-07-09,Texas 4-city average,4,86.25,73.5,79.1,0.402,14.1,0.0
2025-07-10,Texas 4-city average,4,90.975,74.275,81.825,0.035,16.825,0.0
2025-07-11,Texas 4-city average,4,90.45,76.075,82.325,0.071,17.325,0.0
2025-07-12,Texas 4-city average,4,89.05,75.55,81.0,0.231,16.0,0.0
2025-07-13,Texas 4-city average,4,87.75,73.25,79.5,0.448,14.5,0.0
2025-07-14,Texas 4-city average,4,88.75,74.175,80.625,0.186,15.625,0.0
2025-07-15,Texas 4-city average,4,92.0,75.575,82.775,0.084,17.775,0.0
2025-07-16,Texas 4-city average,4,94.5,76.45,84.575,0.008,19.575,0.0
2025-07-17,Texas 4-city average,4,94.1,74.425,83.8,0.001,18.8,0.0
2025-07-18,Texas 4-city average,4,93.975,75.975,84.375,0.009,19.375,0.0
2025-07-19,Texas 4-city average,4,94.65,77.825,85.125,0.022,20.125,0.0
2025-07-20,Texas 4-city average,4,92.8,78.775,84.975,0.022,19.975,0.0
2025-07-21,Texas 4-city average,4,95.975,77.725,85.9,0.001,20.9,0.0
2025-07-22,Texas 4-city average,4,96.6,76.625,86.0,0.002,21.0,0.0
2025-07-23,Texas 4-city average,4,97.8,76.925,86.85,0.0,21.85,0.0
2025-07-24,Texas 4-city average,4,98.9,77.525,87.85,0.0,22.85,0.0
2025-07-25,Texas 4-city average,4,93.775,76.9,85.075,0.187,20.075,0.0
2025-07-26,Texas 4-city average,4,92.55,77.225,84.2,0.058,19.2,0.0
2025-07-27,Texas 4-city average,4,92.75,78.15,84.35,0.074,19.35,0.0
2025-07-28,Texas 4-city average,4,95.675,76.675,86.0,0.009,21.0,0.0
2025-07-29,Texas 4-city average,4,99.1,77.025,87.7,0.0,22.7,0.0
2025-07-30,Texas 4-city average,4,99.175,75.575,87.925,0.0,22.925,0.0
2025-07-31,Texas 4-city average,4,98.575,77.75,88.1,0.041,23.1,0.0
2025-08-01,Texas 4-city average,4,96.175,78.575,86.75,0.05,21.75,0.0
2025-08-02,Texas 4-city average,4,94.675,77.65,85.025,0.085,20.025,0.0
2025-08-03,Texas 4-city average,4,94.125,75.475,84.325,0.085,19.325,0.0
2025-08-04,Texas 4-city average,4,91.3,75.725,83.325,0.235,18.325,0.0
2025-08-05,Texas 4-city average,4,93.55,74.8,84.1,0.02,19.1,0.0
2025-08-06,Texas 4-city average,4,96.375,76.275,86.075,0.034,21.075,0.0
2025-08-07,Texas 4-city average,4,98.45,78.075,87.725,0.006,22.725,0.0
2025-08-08,Texas 4-city average,4,98.7,78.65,88.475,0.002,23.475,0.0
2025-08-09,Texas 4-city average,4,97.55,79.375,88.1,0.005,23.1,0.0
2025-08-10,Texas 4-city average,4,97.025,78.375,86.7,0.009,21.7,0.0
2025-08-11,Texas 4-city average,4,95.2,76.7,85.85,0.179,20.85,0.0
2025-08-12,Texas 4-city average,4,94.225,77.125,85.425,0.14,20.425,0.0
2025-08-13,Texas 4-city average,4,93.25,76.9,84.7,0.175,19.7,0.0
2025-08-14,Texas 4-city average,4,96.475,77.0,86.175,0.199,21.175,0.0
2025-08-15,Texas 4-city average,4,94.9,79.4,85.9,0.075,20.9,0.0
2025-08-16,Texas 4-city average,4,94.175,77.475,84.85,0.092,19.85,0.0
2025-08-17,Texas 4-city average,4,96.6,78.275,86.75,0.008,21.75,0.0
2025-08-18,Texas 4-city average,4,98.35,79.2,88.1,0.006,23.1,0.0
2025-08-19,Texas 4-city average,4,95.75,78.6,86.625,0.109,21.625,0.0
2025-08-20,Texas 4-city average,4,94.75,75.6,84.625,0.304,19.625,0.0
2025-08-21,Texas 4-city average,4,93.075,76.225,83.2,0.286,18.2,0.0
2025-08-22,Texas 4-city average,4,90.275,73.475,81.5,0.257,16.5,0.0
2025-08-23,Texas 4-city average,4,93.575,75.3,83.95,0.022,18.95,0.0
2025-08-24,Texas 4-city average,4,96.15,75.775,86.5,0.007,21.5,0.0
2025-08-25,Texas 4-city average,4,95.625,76.8,86.575,0.0,21.575,0.0
2025-08-26,Texas 4-city average,4,94.0,75.7,83.8,0.03,18.8,0.0
2025-08-27,Texas 4-city average,4,92.175,73.85,82.45,0.077,17.45,0.0
2025-08-28,Texas 4-city average,4,97.275,77.6,86.3,0.146,21.3,0.0
2025-08-29,Texas 4-city average,4,94.75,77.475,84.6,0.235,19.6,0.0
2025-08-30,Texas 4-city average,4,92.3,76.5,82.85,0.45,17.85,0.0
2025-08-31,Texas 4-city average,4,89.425,75.825,80.925,0.377,15.925,0.0
2025-09-01,Texas 4-city average,4,86.925,72.975,79.15,0.214,14.15,0.0
2025-09-02,Texas 4-city average,4,90.8,73.1,81.35,0.012,16.35,0.0
2025-09-03,Texas 4-city average,4,92.6,73.975,82.525,0.003,17.525,0.0
2025-09-04,Texas 4-city average,4,97.7,71.25,84.125,0.0,19.125,0.0
2025-09-05,Texas 4-city average,4,96.35,76.425,85.725,0.002,20.725,0.0
2025-09-06,Texas 4-city average,4,86.65,73.975,79.625,0.352,14.625,0.0
2025-09-07,Texas 4-city average,4,80.4,71.325,75.3,0.677,10.3,0.0
2025-09-08,Texas 4-city average,4,84.225,69.25,76.175,0.001,11.175,0.0
2025-09-09,Texas 4-city average,4,87.325,65.1,76.175,0.0,11.175,0.0
2025-09-10,Texas 4-city average,4,91.8,67.175,79.475,0.0,14.475,0.0
2025-09-11,Texas 4-city average,4,91.95,70.725,81.575,0.014,16.575,0.0
2025-09-12,Texas 4-city average,4,94.0,73.675,83.625,0.004,18.625,0.0
2025-09-13,Texas 4-city average,4,92.625,72.75,83.0,0.0,18.0,0.0
2025-09-14,Texas 4-city average,4,93.425,73.4,83.3,0.0,18.3,0.0
2025-09-15,Texas 4-city average,4,91.7,74.175,82.95,0.012,17.95,0.0
2025-09-16,Texas 4-city average,4,92.475,72.775,83.025,0.0,18.025,0.0
2025-09-17,Texas 4-city average,4,93.425,73.15,83.55,0.001,18.55,0.0
2025-09-18,Texas 4-city average,4,93.225,73.875,83.375,0.002,18.375,0.0
2025-09-19,Texas 4-city average,4,91.15,73.65,82.775,0.13,17.775,0.0
2025-09-20,Texas 4-city average,4,92.3,73.575,83.175,0.008,18.175,0.0
2025-09-21,Texas 4-city average,4,91.55,75.625,82.775,0.151,17.775,0.0
2025-09-22,Texas 4-city average,4,92.025,75.5,83.3,0.457,18.3,0.0
2025-09-23,Texas 4-city average,4,94.725,76.875,85.2,0.016,20.2,0.0
2025-09-24,Texas 4-city average,4,88.475,75.95,80.95,0.609,15.95,0.0
2025-09-25,Texas 4-city average,4,87.875,72.025,79.15,0.017,14.15,0.0
2025-09-26,Texas 4-city average,4,88.25,68.125,78.575,0.0,13.575,0.0
2025-09-27,Texas 4-city average,4,88.0,66.45,78.05,0.0,13.05,0.0
2025-09-28,Texas 4-city average,4,87.875,66.0,78.425,0.0,13.425,0.0
2025-09-29,Texas 4-city average,4,88.05,66.525,78.425,0.0,13.425,0.0
2025-09-30,Texas 4-city average,4,92.05,71.675,81.725,0.004,16.725,0.0
2025-10-01,Texas 4-city average,4,94.15,68.725,81.225,0.005,16.225,0.0
2025-10-02,Texas 4-city average,4,93.625,69.95,81.875,0.0,16.875,0.0
2025-10-03,Texas 4-city average,4,92.1,71.55,81.4,0.018,16.4,0.0
2025-10-04,Texas 4-city average,4,88.9,69.4,79.3,0.0,14.3,0.0
2025-10-05,Texas 4-city average,4,90.2,69.775,79.95,0.004,14.95,0.0
2025-10-06,Texas 4-city average,4,91.5,71.05,80.8,0.011,15.8,0.0
2025-10-07,Texas 4-city average,4,91.425,72.925,81.3,0.049,16.3,0.0
2025-10-08,Texas 4-city average,4,90.975,71.525,81.075,0.146,16.075,0.0
2025-10-09,Texas 4-city average,4,89.95,72.25,81.125,0.0,16.125,0.0
2025-10-10,Texas 4-city average,4,90.35,68.025,79.425,0.0,14.425,0.0
2025-10-11,Texas 4-city average,4,90.5,65.15,78.225,0.0,13.225,0.0
2025-10-12,Texas 4-city average,4,89.925,66.325,77.9,0.0,12.9,0.0
2025-10-13,Texas 4-city average,4,88.675,67.475,77.85,0.0,12.85,0.0
2025-10-14,Texas 4-city average,4,88.525,66.225,77.8,0.0,12.8,0.0
2025-10-15,Texas 4-city average,4,88.725,65.675,77.525,0.0,12.525,0.0
2025-10-16,Texas 4-city average,4,86.05,65.025,75.7,0.003,10.7,0.0
2025-10-17,Texas 4-city average,4,89.95,69.225,79.15,0.013,14.15,0.0
2025-10-18,Texas 4-city average,4,89.875,74.175,80.975,0.054,15.975,0.0
2025-10-19,Texas 4-city average,4,83.75,66.425,74.9,0.001,9.9,0.0
2025-10-20,Texas 4-city average,4,90.7,61.65,75.6,0.0,10.6,0.0
2025-10-21,Texas 4-city average,4,87.55,71.275,78.2,0.025,13.2,0.0
2025-10-22,Texas 4-city average,4,83.875,61.475,72.9,0.0,7.9,0.0
2025-10-23,Texas 4-city average,4,85.775,65.725,74.675,0.079,9.675,0.0
2025-10-24,Texas 4-city average,4,83.825,68.275,75.225,0.223,10.225,0.0
2025-10-25,Texas 4-city average,4,76.475,64.5,69.225,1.491,4.225,0.0
2025-10-26,Texas 4-city average,4,79.0,62.7,69.675,0.03,4.675,0.0
2025-10-27,Texas 4-city average,4,83.325,62.975,72.225,0.004,7.225,0.0
2025-10-28,Texas 4-city average,4,82.8,63.5,72.725,0.05,7.725,0.0
2025-10-29,Texas 4-city average,4,65.525,53.05,58.95,0.0,0.0,6.05
2025-10-30,Texas 4-city average,4,67.25,44.975,56.175,0.0,0.0,8.825
2025-10-31,Texas 4-city average,4,71.65,43.85,57.9,0.0,0.0,7.1
2025-11-01,Texas 4-city average,4,71.65,51.9,60.1,0.178,0.0,4.9
2025-11-02,Texas 4-city average,4,71.075,49.425,59.925,0.0,0.0,5.075
2025-11-03,Texas 4-city average,4,75.425,48.725,61.65,0.0,0.0,3.35
2025-11-04,Texas 4-city average,4,76.725,51.35,63.825,0.0,0.0,1.175
2025-11-05,Texas 4-city average,4,81.4,56.175,68.05,0.0,3.05,0.0
2025-11-06,Texas 4-city average,4,82.3,58.275,69.475,0.0,4.475,0.0
2025-11-07,Texas 4-city average,4,85.75,62.125,72.6,0.0,7.6,0.0
2025-11-08,Texas 4-city average,4,84.825,59.95,71.75,0.0,6.75,0.0
2025-11-09,Texas 4-city average,4,70.425,55.2,63.3,0.0,0.0,1.7
2025-11-10,Texas 4-city average,4,58.95,40.275,50.425,0.0,0.0,14.575
2025-11-11,Texas 4-city average,4,71.475,40.925,55.9,0.0,0.0,9.1
2025-11-12,Texas 4-city average,4,79.825,53.6,66.15,0.0,1.15,0.0
2025-11-13,Texas 4-city average,4,82.25,59.525,70.125,0.0,5.125,0.0
2025-11-14,Texas 4-city average,4,82.65,63.55,72.15,0.0,7.15,0.0
2025-11-15,Texas 4-city average,4,84.0,64.125,72.9,0.0,7.9,0.0
2025-11-16,Texas 4-city average,4,83.675,65.6,73.65,0.0,8.65,0.0
2025-11-17,Texas 4-city average,4,84.775,68.5,75.65,0.01,10.65,0.0
2025-11-18,Texas 4-city average,4,85.025,71.025,76.8,0.008,11.8,0.0
2025-11-19,Texas 4-city average,4,83.45,70.15,75.6,0.084,10.6,0.0
2025-11-20,Texas 4-city average,4,81.55,67.325,72.625,0.619,7.625,0.0
2025-11-21,Texas 4-city average,4,78.275,66.775,71.2,0.237,6.2,0.0
2025-11-22,Texas 4-city average,4,72.975,59.275,65.9,0.049,0.9,0.0
2025-11-23,Texas 4-city average,4,68.45,54.95,61.7,0.528,0.0,3.3
2025-11-24,Texas 4-city average,4,74.625,63.1,68.275,0.827,3.275,0.0
2025-11-25,Texas 4-city average,4,75.975,55.525,65.325,0.016,0.325,0.0
2025-11-26,Texas 4-city average,4,63.6,51.5,57.425,0.0,0.0,7.575
2025-11-27,Texas 4-city average,4,61.425,47.025,53.85,0.0,0.0,11.15
2025-11-28,Texas 4-city average,4,64.475,47.8,55.5,0.142,0.0,9.5
2025-11-29,Texas 4-city average,4,74.15,57.675,64.4,0.321,0.0,0.6
2025-11-30,Texas 4-city average,4,60.3,43.85,49.1,0.121,0.0,15.9
2025-12-01,Texas 4-city average,4,46.35,42.2,43.975,0.357,0.0,21.025
2025-12-02,Texas 4-city average,4,51.675,34.95,43.125,0.002,0.0,21.875
2025-12-03,Texas 4-city average,4,58.375,40.35,49.225,0.389,0.0,15.775
2025-12-04,Texas 4-city average,4,54.175,45.5,49.65,0.125,0.0,15.35
2025-12-05,Texas 4-city average,4,52.825,42.35,47.15,0.003,0.0,17.85
2025-12-06,Texas 4-city average,4,66.025,45.25,54.1,0.001,0.0,10.9
2025-12-07,Texas 4-city average,4,67.8,49.35,57.275,0.004,0.0,7.725
2025-12-08,Texas 4-city average,4,56.775,39.3,47.75,0.0,0.0,17.25
2025-12-09,Texas 4-city average,4,63.85,37.275,50.025,0.0,0.0,14.975
2025-12-10,Texas 4-city average,4,69.625,46.65,57.0,0.0,0.0,8.0
2025-12-11,Texas 4-city average,4,66.7,41.125,53.9,0.0,0.0,11.1
2025-12-12,Texas 4-city average,4,72.0,50.4,60.4,0.038,0.0,4.6
2025-12-13,Texas 4-city average,4,72.125,55.85,62.95,0.038,0.0,2.05
2025-12-14,Texas 4-city average,4,61.35,38.475,48.525,0.051,0.0,16.475
2025-12-15,Texas 4-city average,4,52.175,32.8,42.0,0.0,0.0,23.0
2025-12-16,Texas 4-city average,4,58.95,41.975,50.65,0.196,0.0,14.35
2025-12-17,Texas 4-city average,4,66.0,56.425,60.725,0.254,0.0,4.275
2025-12-18,Texas 4-city average,4,73.95,57.15,64.575,0.01,0.0,0.425
2025-12-19,Texas 4-city average,4,65.0,41.4,53.825,0.0,0.0,11.175
2025-12-20,Texas 4-city average,4,76.375,51.025,62.375,0.0,0.0,2.625
2025-12-21,Texas 4-city average,4,71.85,56.975,63.85,0.013,0.0,1.15
2025-12-22,Texas 4-city average,4,76.6,59.125,66.95,0.071,1.95,0.0
2025-12-23,Texas 4-city average,4,79.55,67.075,71.5,0.009,6.5,0.0
2025-12-24,Texas 4-city average,4,78.3,64.55,70.075,0.027,5.075,0.0
2025-12-25,Texas 4-city average,4,78.3,64.25,69.7,0.001,4.7,0.0
2025-12-26,Texas 4-city average,4,81.575,66.1,72.375,0.004,7.375,0.0
2025-12-27,Texas 4-city average,4,80.575,66.4,72.15,0.008,7.15,0.0
2025-12-28,Texas 4-city average,4,80.425,59.5,70.775,0.006,5.775,0.0
2025-12-29,Texas 4-city average,4,57.525,40.45,46.025,0.012,0.0,18.975
2025-12-30,Texas 4-city average,4,55.175,38.9,46.175,0.0,0.0,18.825
2025-12-31,Texas 4-city average,4,66.8,36.75,50.525,0.0,0.0,14.475
2026-01-01,Texas 4-city average,4,72.125,42.85,57.425,0.0,0.0,7.575
2026-01-02,Texas 4-city average,4,83.3,59.35,69.475,0.0,4.475,0.0
2026-01-03,Texas 4-city average,4,73.425,57.9,65.35,0.0,0.35,0.0
2026-01-04,Texas 4-city average,4,66.6,46.075,56.425,0.0,0.0,8.575
2026-01-05,Texas 4-city average,4,74.8,51.5,62.025,0.0,0.0,2.975
2026-01-06,Texas 4-city average,4,79.625,60.8,68.725,0.001,3.725,0.0
2026-01-07,Texas 4-city average,4,79.725,53.925,66.3,0.001,1.3,0.0
2026-01-08,Texas 4-city average,4,79.325,67.475,71.9,0.034,6.9,0.0
2026-01-09,Texas 4-city average,4,73.625,60.725,66.55,0.034,1.55,0.0
2026-01-10,Texas 4-city average,4,63.75,43.9,52.65,0.007,0.0,12.35
2026-01-11,Texas 4-city average,4,61.0,38.55,48.875,0.0,0.0,16.125
2026-01-12,Texas 4-city average,4,61.575,40.75,50.575,0.004,0.0,14.425
2026-01-13,Texas 4-city average,4,59.375,45.3,51.475,0.04,0.0,13.525
2026-01-14,Texas 4-city average,4,66.175,46.3,55.05,0.0,0.0,9.95
2026-01-15,Texas 4-city average,4,60.725,37.875,49.675,0.0,0.0,15.325
2026-01-16,Texas 4-city average,4,69.325,46.125,55.6,0.003,0.0,9.4
2026-01-17,Texas 4-city average,4,54.0,41.8,47.7,0.0,0.0,17.3
2026-01-18,Texas 4-city average,4,59.675,28.525,43.45,0.0,0.0,21.55
2026-01-19,Texas 4-city average,4,62.775,34.575,48.625,0.0,0.0,16.375
2026-01-20,Texas 4-city average,4,59.525,40.7,50.1,0.009,0.0,14.9
2026-01-21,Texas 4-city average,4,68.15,56.15,61.025,0.24,0.0,3.975
2026-01-22,Texas 4-city average,4,64.275,51.825,57.65,0.009,0.0,7.35
2026-01-23,Texas 4-city average,4,64.125,52.375,58.85,0.325,0.0,6.15
2026-01-24,Texas 4-city average,4,52.85,29.075,38.175,0.568,0.0,26.825
2026-01-25,Texas 4-city average,4,32.25,21.575,26.8,0.307,0.0,38.2
2026-01-26,Texas 4-city average,4,36.025,20.425,26.95,0.0,0.0,38.05
2026-01-27,Texas 4-city average,4,44.275,22.45,32.825,0.0,0.0,32.175
2026-01-28,Texas 4-city average,4,52.6,29.425,40.1,0.0,0.0,24.9
2026-01-29,Texas 4-city average,4,61.925,34.875,47.125,0.0,0.0,17.875
2026-01-30,Texas 4-city average,4,52.5,37.4,44.325,0.0,0.0,20.675
2026-01-31,Texas 4-city average,4,43.125,30.35,36.625,0.0,0.0,28.375
2026-02-01,Texas 4-city average,4,50.775,26.325,37.8,0.0,0.0,27.2
2026-02-02,Texas 4-city average,4,67.35,37.125,51.475,0.0,0.0,13.525
2026-02-03,Texas 4-city average,4,68.65,56.3,61.975,0.157,0.0,3.025
2026-02-04,Texas 4-city average,4,61.525,45.025,53.6,0.0,0.0,11.4
2026-02-05,Texas 4-city average,4,65.825,38.075,51.775,0.0,0.0,13.225
2026-02-06,Texas 4-city average,4,78.1,46.925,60.4,0.0,0.0,4.6
2026-02-07,Texas 4-city average,4,76.875,47.725,62.0,0.0,0.0,3.0
2026-02-08,Texas 4-city average,4,77.45,51.025,62.85,0.001,0.0,2.15
2026-02-09,Texas 4-city average,4,81.5,53.9,67.05,0.0,2.05,0.0
2026-02-10,Texas 4-city average,4,72.75,59.425,65.875,0.05,0.875,0.0
2026-02-11,Texas 4-city average,4,72.125,55.425,62.975,0.027,0.0,2.025
2026-02-12,Texas 4-city average,4,77.25,50.65,63.55,0.0,0.0,1.45
2026-02-13,Texas 4-city average,4,77.9,59.4,67.75,0.011,2.75,0.0
2026-02-14,Texas 4-city average,4,72.9,59.7,66.0,0.985,1.0,0.0
2026-02-15,Texas 4-city average,4,69.575,56.7,61.8,0.013,0.0,3.2
2026-02-16,Texas 4-city average,4,71.575,46.975,58.975,0.0,0.0,6.025
2026-02-17,Texas 4-city average,4,78.275,55.125,65.425,0.001,0.425,0.0
2026-02-18,Texas 4-city average,4,76.575,61.675,68.2,0.006,3.2,0.0
2026-02-19,Texas 4-city average,4,79.4,63.8,70.325,0.008,5.325,0.0
2026-02-20,Texas 4-city average,4,70.675,56.9,63.25,0.009,0.0,1.75
2026-02-21,Texas 4-city average,4,70.1,55.25,62.775,0.011,0.0,2.225
2026-02-22,Texas 4-city average,4,60.975,42.0,51.7,0.0,0.0,13.3
2026-02-23,Texas 4-city average,4,62.425,38.225,50.55,0.0,0.0,14.45
2026-02-24,Texas 4-city average,4,72.125,40.0,56.375,0.0,0.0,8.625
2026-02-25,Texas 4-city average,4,82.4,57.05,68.425,0.0,3.425,0.0
2026-02-26,Texas 4-city average,4,85.35,60.2,72.05,0.003,7.05,0.0
2026-02-27,Texas 4-city average,4,84.05,59.125,71.625,0.0,6.625,0.0
2026-02-28,Texas 4-city average,4,83.55,58.275,69.5,0.0,4.5,0.0
2026-03-01,Texas 4-city average,4,82.425,63.225,71.05,0.006,6.05,0.0
2026-03-02,Texas 4-city average,4,82.15,63.175,71.425,0.016,6.425,0.0
2026-03-03,Texas 4-city average,4,84.15,66.175,73.7,0.028,8.7,0.0
2026-03-04,Texas 4-city average,4,82.225,68.9,73.875,0.124,8.875,0.0
2026-03-05,Texas 4-city average,4,82.625,68.15,73.475,0.19,8.475,0.0
2026-03-06,Texas 4-city average,4,83.275,68.175,73.6,0.295,8.6,0.0
2026-03-07,Texas 4-city average,4,77.65,57.875,67.525,1.053,2.525,0.0
2026-03-08,Texas 4-city average,4,68.5,54.825,61.0,0.654,0.0,4.0
2026-03-09,Texas 4-city average,4,79.825,62.95,70.675,0.022,5.675,0.0
2026-03-10,Texas 4-city average,4,80.825,69.5,73.7,0.14,8.7,0.0
2026-03-11,Texas 4-city average,4,78.45,59.825,69.1,0.572,4.1,0.0
2026-03-12,Texas 4-city average,4,63.4,45.425,55.325,0.0,0.0,9.675
2026-03-13,Texas 4-city average,4,74.1,46.825,59.6,0.0,0.0,5.4
2026-03-14,Texas 4-city average,4,80.9,54.7,66.725,0.0,1.725,0.0
2026-03-15,Texas 4-city average,4,89.25,57.125,71.525,0.029,6.525,0.0
2026-03-16,Texas 4-city average,4,54.575,40.65,47.475,0.008,0.0,17.525
2026-03-17,Texas 4-city average,4,62.475,35.125,49.1,0.0,0.0,15.9
2026-03-18,Texas 4-city average,4,74.2,45.8,59.625,0.0,0.0,5.375
2026-03-19,Texas 4-city average,4,82.075,52.95,67.175,0.0,2.175,0.0
2026-03-20,Texas 4-city average,4,86.375,57.225,71.275,0.0,6.275,0.0
2026-03-21,Texas 4-city average,4,89.475,61.4,74.65,0.0,9.65,0.0
2026-03-22,Texas 4-city average,4,89.45,62.9,75.575,0.0,10.575,0.0
2026-03-23,Texas 4-city average,4,83.9,60.925,72.225,0.0,7.225,0.0
2026-03-24,Texas 4-city average,4,84.85,63.15,73.425,0.004,8.425,0.0
2026-03-25,Texas 4-city average,4,86.125,66.625,75.225,0.005,10.225,0.0
2026-03-26,Texas 4-city average,4,86.525,66.125,75.2,0.009,10.2,0.0
2026-03-27,Texas 4-city average,4,84.225,60.475,71.325,0.012,6.325,0.0
2026-03-28,Texas 4-city average,4,70.275,57.325,63.3,0.008,0.0,1.7
2026-03-29,Texas 4-city average,4,82.025,55.1,68.25,0.0,3.25,0.0
2026-03-30,Texas 4-city average,4,85.05,64.625,73.875,0.001,8.875,0.0
2026-03-31,Texas 4-city average,4,85.775,66.175,75.05,0.022,10.05,0.0
2026-04-01,Texas 4-city average,4,87.1,69.0,76.575,0.056,11.575,0.0
2026-04-02,Texas 4-city average,4,83.3,68.825,74.65,0.478,9.65,0.0
2026-04-03,Texas 4-city average,4,83.75,70.425,75.375,0.106,10.375,0.0
2026-04-04,Texas 4-city average,4,75.475,60.825,68.525,0.926,3.525,0.0
2026-04-05,Texas 4-city average,4,65.825,54.85,59.875,0.112,0.0,5.125
2026-04-06,Texas 4-city average,4,71.075,51.65,61.1,0.0,0.0,3.9
2026-04-07,Texas 4-city average,4,73.3,51.0,62.225,0.005,0.0,2.775
2026-04-08,Texas 4-city average,4,78.725,56.175,67.4,0.003,2.4,0.0
2026-04-09,Texas 4-city average,4,80.575,63.475,70.275,0.26,5.275,0.0
2026-04-10,Texas 4-city average,4,79.7,65.175,70.425,0.25,5.425,0.0
2026-04-11,Texas 4-city average,4,79.55,66.25,71.85,0.146,6.85,0.0
2026-04-12,Texas 4-city average,4,74.975,67.975,70.275,1.378,5.275,0.0
2026-04-13,Texas 4-city average,4,83.0,68.75,74.825,0.157,9.825,0.0
2026-04-14,Texas 4-city average,4,82.35,69.65,74.95,0.037,9.95,0.0
2026-04-15,Texas 4-city average,4,81.25,68.6,74.2,0.28,9.2,0.0
2026-04-16,Texas 4-city average,4,83.625,68.175,75.275,0.042,10.275,0.0
2026-04-17,Texas 4-city average,4,84.525,69.0,75.6,0.024,10.6,0.0
2026-04-18,Texas 4-city average,4,75.875,53.7,65.025,0.902,0.025,0.0
2026-04-19,Texas 4-city average,4,68.1,49.3,58.375,0.28,0.0,6.625
2026-04-20,Texas 4-city average,4,65.65,54.4,59.825,1.487,0.0,5.175
2026-04-21,Texas 4-city average,4,67.125,58.525,62.175,1.164,0.0,2.825
2026-04-22,Texas 4-city average,4,79.1,63.125,69.425,0.25,4.425,0.0
2026-04-23,Texas 4-city average,4,80.475,67.825,73.575,0.048,8.575,0.0
2026-04-24,Texas 4-city average,4,86.125,71.1,77.2,0.036,12.2,0.0
2026-04-25,Texas 4-city average,4,86.1,71.2,77.025,0.122,12.025,0.0
2026-04-26,Texas 4-city average,4,84.525,72.375,77.65,0.03,12.65,0.0
2026-04-27,Texas 4-city average,4,87.975,73.55,79.5,0.047,14.5,0.0
2026-04-28,Texas 4-city average,4,87.15,74.4,79.8,0.035,14.8,0.0
2026-04-29,Texas 4-city average,4,79.225,67.45,73.35,0.522,8.35,0.0
2026-04-30,Texas 4-city average,4,74.025,63.875,68.275,0.205,3.275,0.0
2026-05-01,Texas 4-city average,4,66.05,56.1,61.175,2.057,0.0,3.825
2026-05-02,Texas 4-city average,4,73.225,52.35,62.55,0.0,0.0,2.45
2026-05-03,Texas 4-city average,4,77.35,54.575,66.15,0.0,1.15,0.0
2026-05-04,Texas 4-city average,4,80.125,60.075,70.1,0.001,5.1,0.0
2026-05-05,Texas 4-city average,4,86.15,69.025,76.2,0.02,11.2,0.0
2026-05-06,Texas 4-city average,4,77.95,63.775,71.65,0.191,6.65,0.0
2026-05-07,Texas 4-city average,4,71.85,59.375,64.975,0.006,0.0,0.025
2026-05-08,Texas 4-city average,4,76.325,61.875,68.625,0.307,3.625,0.0
2026-05-09,Texas 4-city average,4,86.425,67.875,76.25,0.148,11.25,0.0
2026-05-10,Texas 4-city average,4,85.675,68.0,75.15,0.413,10.15,0.0
2026-05-11,Texas 4-city average,4,78.575,64.4,70.875,0.517,5.875,0.0
2026-05-12,Texas 4-city average,4,83.6,62.45,73.025,0.0,8.025,0.0
2026-05-13,Texas 4-city average,4,88.475,64.4,76.8,0.0,11.8,0.0
2026-05-14,Texas 4-city average,4,89.075,66.875,78.325,0.0,13.325,0.0
2026-05-15,Texas 4-city average,4,90.075,69.475,78.75,0.0,13.75,0.0
2026-05-16,Texas 4-city average,4,87.9,71.3,78.9,0.015,13.9,0.0
2026-05-17,Texas 4-city average,4,87.1,73.325,79.3,0.265,14.3,0.0
2026-05-18,Texas 4-city average,4,88.9,72.35,80.075,0.254,15.075,0.0
2026-05-19,Texas 4-city average,4,85.825,70.55,76.95,0.61,11.95,0.0
2026-05-20,Texas 4-city average,4,81.85,66.425,73.425,0.772,8.425,0.0
2026-05-21,Texas 4-city average,4,79.475,68.15,72.875,0.849,7.875,0.0
2026-05-22,Texas 4-city average,4,83.4,66.6,73.675,0.34,8.675,0.0
2026-05-23,Texas 4-city average,4,80.875,66.65,73.6,0.521,8.6,0.0
2026-05-24,Texas 4-city average,4,83.975,66.45,74.825,0.085,9.825,0.0
2026-05-25,Texas 4-city average,4,86.125,67.675,76.175,0.104,11.175,0.0
2026-05-26,Texas 4-city average,4,85.2,68.575,75.65,0.445,10.65,0.0
2026-05-27,Texas 4-city average,4,79.0,65.675,71.325,0.664,6.325,0.0
2026-05-28,Texas 4-city average,4,86.25,66.125,76.225,0.044,11.225,0.0
2026-05-29,Texas 4-city average,4,88.925,72.3,80.3,0.003,15.3,0.0
2026-05-30,Texas 4-city average,4,89.675,72.725,80.95,0.004,15.95,0.0
2026-05-31,Texas 4-city average,4,90.475,73.85,81.85,0.002,16.85,0.0
2026-06-01,Texas 4-city average,4,91.475,73.775,82.5,0.032,17.5,0.0
2026-06-02,Texas 4-city average,4,91.7,75.0,81.6,0.121,16.6,0.0
2026-06-03,Texas 4-city average,4,85.75,71.1,77.375,0.164,12.375,0.0
2026-06-04,Texas 4-city average,4,85.075,70.925,77.0,0.941,12.0,0.0
2026-06-05,Texas 4-city average,4,83.45,72.375,76.825,0.689,11.825,0.0
2026-06-06,Texas 4-city average,4,87.3,71.825,78.25,0.418,13.25,0.0
2026-06-07,Texas 4-city average,4,87.425,73.775,79.775,0.235,14.775,0.0
2026-06-08,Texas 4-city average,4,88.4,75.5,81.4,0.267,16.4,0.0
2026-06-09,Texas 4-city average,4,89.9,75.875,82.375,0.069,17.375,0.0
2026-06-10,Texas 4-city average,4,91.225,75.85,82.95,0.131,17.95,0.0
2026-06-11,Texas 4-city average,4,91.5,77.025,83.7,0.117,18.7,0.0
2026-06-12,Texas 4-city average,4,89.85,76.575,82.475,0.15,17.475,0.0
2026-06-13,Texas 4-city average,4,91.225,76.35,82.725,0.117,17.725,0.0
2026-06-14,Texas 4-city average,4,88.425,76.0,81.0,0.455,16.0,0.0
2026-06-15,Texas 4-city average,4,81.7,72.85,76.575,1.512,11.575,0.0
2026-06-16,Texas 4-city average,4,84.975,73.825,78.9,0.716,13.9,0.0
2026-06-17,Texas 4-city average,4,89.025,74.2,81.225,0.311,16.225,0.0
2026-06-18,Texas 4-city average,4,94.825,76.5,85.2,0.014,20.2,0.0
2026-06-19,Texas 4-city average,4,86.7,75.475,81.05,0.477,16.05,0.0
2026-06-20,Texas 4-city average,4,85.825,72.875,78.175,0.832,13.175,0.0
2026-06-21,Texas 4-city average,4,88.95,73.775,80.625,0.481,15.625,0.0
2026-06-22,Texas 4-city average,4,92.65,77.825,84.35,0.132,19.35,0.0
2026-06-23,Texas 4-city average,4,91.925,77.125,84.175,0.146,19.175,0.0
2026-06-24,Texas 4-city average,4,92.9,77.25,84.35,0.002,19.35,0.0
2026-06-25,Texas 4-city average,4,92.35,74.675,83.2,0.003,18.2,0.0
2026-06-26,Texas 4-city average,4,94.275,77.075,84.95,0.012,19.95,0.0
2026-06-27,Texas 4-city average,4,95.4,77.45,85.675,0.001,20.675,0.0
2026-06-28,Texas 4-city average,4,94.925,78.725,86.275,0.017,21.275,0.0
2026-06-29,Texas 4-city average,4,96.975,79.625,86.8,0.021,21.8,0.0
2026-06-30,Texas 4-city average,4,94.775,77.525,85.675,0.02,20.675,0.0
2026-07-01,Texas 4-city average,4,95.425,77.325,85.925,0.045,20.925,0.0
2026-07-02,Texas 4-city average,4,95.6,77.35,85.425,0.075,20.425,0.0
2026-07-03,Texas 4-city average,4,95.6,77.625,86.15,0.035,21.15,0.0
2026-07-04,Texas 4-city average,4,96.6,78.075,87.05,0.022,22.05,0.0
2026-07-05,Texas 4-city average,4,96.25,77.3,86.9,0.036,21.9,0.0
2026-07-06,Texas 4-city average,4,96.375,77.55,86.2,0.073,21.2,0.0
2026-07-07,Texas 4-city average,4,95.175,75.9,84.7,0.094,19.7,0.0
2026-07-08,Texas 4-city average,4,96.175,77.275,85.925,0.006,20.925,0.0
2026-07-09,Texas 4-city average,4,95.875,77.55,86.425,0.022,21.425,0.0
2026-07-10,Texas 4-city average,4,92.7,76.65,84.25,0.104,19.25,0.0
2026-07-11,Texas 4-city average,4,89.85,75.75,82.0,0.305,17.0,0.0
2026-07-12,Texas 4-city average,4,92.325,76.275,83.025,0.28,18.025,0.0
2026-07-13,Texas 4-city average,4,90.1,75.7,80.325,0.699,15.325,0.0
2026-07-14,Texas 4-city average,4,81.725,73.025,76.375,1.382,11.375,0.0
2026-07-15,Texas 4-city average,4,81.65,71.8,76.125,0.778,11.125,0.0
2026-07-16,Texas 4-city average,4,87.35,72.575,79.25,0.442,14.25,0.0
2026-07-17,Texas 4-city average,4,90.975,76.15,82.95,0.063,17.95,0.0
2026-07-18,Texas 4-city average,4,93.275,77.675,84.775,0.008,19.775,0.0
2026-07-19,Texas 4-city average,4,93.725,76.95,84.825,0.014,19.825,0.0
